SCN1A	SCN2A	SCN3A	SCN8A
1	1	1	1
2	2	2	2
3	3	3	3
4	4	4	4
5	5	5	5
6	6	6	6
7	7	7	7
8	8	8	8
9	9	9	9
10	10	10	10
11	11	11	11
12	12	12	12
13	13	13	13
14	14	14	14
15	15	15	15
16	16	16	16
17	17	17	17
18	18	18	18
19	19	19	19
20	20	20	20
21	21	21	21
22	22	22	22
23	23	23	23
24	24	24	24
25	25	25	25
26	26	26	26
27	27	27	27
28	28	28	28
29	29	29	29
30	30	30	30
31	31	31	31
32	32	32	32
33	33	33	33
34	34	34	34
35	35	35	35
36	36	36	36
37	37	37	37
38	38	38	38
39	39	39	39
			40
			41
			42
			43
40	40	40	44
41	41	41	45
42	42	42	46
43	43	43	47
	44		
44	45	44	48
45	46	45	49
46	47	46	50
47	48	47	51
48	49	48	52
49	50	49	53
50	51	50	54
51	52	51	55
52	53	52	56
53	54	53	57
54	55	54	58
55	56	55	59
56	57	56	60
57	58	57	61
58	59	58	62
59	60	59	63
60	61	60	64
61	62	61	65
62	63	62	66
63	64	63	67
64	65	64	68
65	66	65	69
66	67	66	70
67	68	67	71
68	69	68	72
69	70	69	73
70	71	70	74
71	72	71	75
72	73	72	76
73	74	73	77
74	75	74	78
75	76	75	79
76	77	76	80
77	78	77	81
78	79	78	82
79	80	79	83
80	81	80	84
81	82	81	85
82	83	82	86
83	84	83	87
84	85	84	88
85	86	85	89
86	87	86	90
87	88	87	91
88	89	88	92
89	90	89	93
90	91	90	94
91	92	91	95
92	93	92	96
93	94	93	97
94	95	94	98
95	96	95	99
96	97	96	100
97	98	97	101
98	99	98	102
99	100	99	103
100	101	100	104
101	102	101	105
102	103	102	106
103	104	103	107
104	105	104	108
105	106	105	109
106	107	106	110
107	108	107	111
108	109	108	112
109	110	109	113
110	111	110	114
111	112	111	115
112	113	112	116
113	114	113	117
114	115	114	118
115	116	115	119
116	117	116	120
117	118	117	121
118	119	118	122
119	120	119	123
120	121	120	124
121	122	121	125
122	123	122	126
123	124	123	127
124	125	124	128
125	126	125	129
126	127	126	130
127	128	127	131
128	129	128	132
129	130	129	133
130	131	130	134
131	132	131	135
132	133	132	136
133	134	133	137
134	135	134	138
135	136	135	139
136	137	136	140
137	138	137	141
138	139	138	142
139	140	139	143
140	141	140	144
141	142	141	145
142	143	142	146
143	144	143	147
144	145	144	148
145	146	145	149
146	147	146	150
147	148	147	151
148	149	148	152
149	150	149	153
150	151	150	154
151	152	151	155
152	153	152	156
153	154	153	157
154	155	154	158
155	156	155	159
156	157	156	160
157	158	157	161
158	159	158	162
159	160	159	163
160	161	160	164
161	162	161	165
162	163	162	166
163	164	163	167
164	165	164	168
165	166	165	169
166	167	166	170
167	168	167	171
168	169	168	172
169	170	169	173
170	171	170	174
171	172	171	175
172	173	172	176
173	174	173	177
174	175	174	178
175	176	175	179
176	177	176	180
177	178	177	181
178	179	178	182
179	180	179	183
180	181	180	184
181	182	181	185
182	183	182	186
183	184	183	187
184	185	184	188
185	186	185	189
186	187	186	190
187	188	187	191
188	189	188	192
189	190	189	193
190	191	190	194
191	192	191	195
192	193	192	196
193	194	193	197
194	195	194	198
195	196	195	199
196	197	196	200
197	198	197	201
198	199	198	202
199	200	199	203
200	201	200	204
201	202	201	205
202	203	202	206
203	204	203	207
204	205	204	208
205	206	205	209
206	207	206	210
207	208	207	211
208	209	208	212
209	210	209	213
210	211	210	214
211	212	211	215
212	213	212	216
213	214	213	217
214	215	214	218
215	216	215	219
216	217	216	220
217	218	217	221
218	219	218	222
219	220	219	223
220	221	220	224
221	222	221	225
222	223	222	226
223	224	223	227
224	225	224	228
225	226	225	229
226	227	226	230
227	228	227	231
228	229	228	232
229	230	229	233
230	231	230	234
231	232	231	235
232	233	232	236
233	234	233	237
234	235	234	238
235	236	235	239
236	237	236	240
237	238	237	241
238	239	238	242
239	240	239	243
240	241	240	244
241	242	241	245
242	243	242	246
243	244	243	247
244	245	244	248
245	246	245	249
246	247	246	250
247	248	247	251
248	249	248	252
249	250	249	253
250	251	250	254
251	252	251	255
252	253	252	256
253	254	253	257
254	255	254	258
255	256	255	259
256	257	256	260
257	258	257	261
258	259	258	262
259	260	259	263
260	261	260	264
261	262	261	265
262	263	262	266
263	264	263	267
264	265	264	268
265	266	265	269
266	267	266	270
267	268	267	271
268	269	268	272
269	270	269	273
270	271	270	274
271	272	271	275
272	273	272	276
273	274	273	277
274	275	274	278
275	276	275	279
276	277	276	280
277	278	277	281
278	279	278	282
279	280	279	283
280	281	280	284
281	282	281	285
282	283	282	
283	284	283	
284	285	284	
285	286	285	
286	287	286	
287	288	287	
288	289	288	
289	290	289	
290	291	290	
291	292	291	
292	293	292	
293	294	293	
	295	294	
294	296	295	
295	297	296	
296	298	297	
297	299	298	
298	300	299	286
299	301	300	287
300	302	301	288
301	303	302	289
302	304	303	290
303	305	304	291
304	306	305	292
305	307	306	293
306	308	307	294
307	309	308	295
308	310	309	296
309	311	310	297
310	312	311	298
311	313	312	299
312	314	313	300
313	315	314	301
314	316	315	302
315	317	316	303
316	318	317	304
317	319	318	305
318	320	319	306
319	321	320	307
320	322	321	308
321	323	322	309
322	324	323	310
323	325	324	311
324	326	325	312
325	327	326	313
326	328	327	314
327	329	328	315
328	330	329	316
329	331	330	317
330	332	331	318
331	333	332	319
332	334	333	320
333	335	334	321
334	336	335	322
335	337	336	323
336	338	337	324
337	339	338	325
338	340	339	326
339	341	340	327
340	342	341	328
341	343	342	329
342	344	343	330
343	345	344	331
344	346	345	332
345	347	346	333
346	348	347	334
347	349	348	335
348	350	349	336
349	351	350	337
350	352	351	338
351	353	352	339
352	354	353	340
353	355	354	341
354	356	355	342
355	357	356	343
356	358	357	344
357	359	358	345
358	360	359	346
359	361	360	347
360	362	361	348
361	363	362	349
362	364	363	350
363	365	364	351
364	366	365	352
365	367	366	353
366	368	367	354
367	369	368	355
368	370	369	356
369	371	370	357
370	372	371	358
371	373	372	359
372	374	373	360
373	375	374	361
374	376	375	362
375	377	376	363
376	378	377	364
377	379	378	365
378	380	379	366
379	381	380	367
380	382	381	368
381	383	382	369
382	384	383	370
383	385	384	371
384	386	385	372
385	387	386	373
386	388	387	374
387	389	388	375
388	390	389	376
389	391	390	377
390	392	391	378
391	393	392	379
392	394	393	380
393	395	394	381
394	396	395	382
395	397	396	383
396	398	397	384
397	399	398	385
398	400	399	386
399	401	400	387
400	402	401	388
401	403	402	389
402	404	403	390
403	405	404	391
404	406	405	392
405	407	406	393
406	408	407	394
407	409	408	395
408	410	409	396
409	411	410	397
410	412	411	398
411	413	412	399
412	414	413	400
413	415	414	401
414	416	415	402
415	417	416	403
416	418	417	404
417	419	418	405
418	420	419	406
419	421	420	407
420	422	421	408
421	423	422	409
422	424	423	410
423	425	424	411
424	426	425	412
425	427	426	413
426	428	427	414
427	429	428	415
428	430	429	416
429	431	430	417
430	432	431	418
431	433	432	419
432	434	433	420
433	435	434	421
434	436	435	422
435	437	436	423
436	438	437	424
437	439	438	425
438	440	439	426
439	441	440	427
440	442	441	428
441	443	442	429
442	444	443	430
443	445	444	431
444	446	445	432
445	447	446	433
446	448	447	434
447	449	448	435
448	450	449	436
449	451	450	437
450	452	451	438
451	453	452	439
452	454	453	440
453	455	454	441
454	456	455	442
455	457	456	443
456	458	457	444
457	459	458	445
458	460	459	446
459	461	460	447
460	462	461	448
461	463	462	449
462	464	463	450
463	465	464	451
464	466	465	452
465	467	466	453
466	468	467	454
467	469	468	455
			456
			457
			458
			459
468	470		460
469			461
470	471	469	462
471	472	470	463
472	473	471	464
473	474	472	465
474	475	473	466
475	476	474	467
476	477	475	468
477	478	476	469
478	479	477	470
479	480	478	471
	481	479	472
	482	480	473
	483	481	
480	484	482	474
481	485	483	475
482	486	484	476
483	487	485	477
484	488	486	478
485	489	487	479
486	490	488	480
487	491	489	481
488	492	490	482
489	493	491	483
490	494	492	484
491	495	493	485
492	496	494	486
493	497	495	487
494	498	496	488
495	499	497	489
496	500	498	490
497	501	499	491
498	502	500	492
499	503	501	493
500	504	502	494
501	505	503	495
502	506	504	496
503	507	505	497
504	508	506	498
505	509	507	499
506	510	508	500
507	511	509	501
508	512	510	502
509	513	511	503
510		512	504
511	514	513	505
512	515	514	506
513	516	515	507
514	517	516	508
515	518	517	509
516	519	518	510
517	520	519	511
		520	512
518	521	521	513
519	522	522	514
520	523	523	515
521	524	524	516
522	525	525	517
523	526	526	518
524	527	527	519
525	528	528	520
526	529	529	521
527	530	530	522
528	531	531	523
529	532	532	524
530	533	533	525
531	534	534	526
532	535	535	527
533	536	536	528
534	537	537	529
535	538	538	530
536	539	539	531
537	540	540	532
538	541	541	
539	542	542	
540	543	543	533
541	544	544	534
542	545	545	535
543	546	546	536
544	547	547	537
545	548	548	
546	549	549	
547	550	550	538
548	551	551	539
549	552	552	540
550	553	553	541
551	554	554	542
552	555	555	543
553	556	556	544
554	557	557	545
555	558	558	546
556	559	559	547
557	560	560	548
558	561	561	549
559	562	562	550
560	563	563	551
561	564	564	552
562	565	565	553
563	566	566	554
564	567	567	555
565	568	568	556
566	569	569	557
567	570	570	558
568	571	571	559
569	572	572	560
570	573	573	561
571	574	574	562
572	575	575	563
573	576	576	564
574	577	577	565
575	578	578	566
576	579	579	567
577	580	580	568
578	581	581	569
			570
			571
579	582	582	572
580	583	583	573
581	584	584	574
582	585	585	575
583	586	586	576
584	587	587	577
585	588	588	578
586	589	589	579
587	590	590	580
588	591	591	581
589	592	592	582
590	593	593	583
591	594	594	584
592	595	595	585
593	596	596	586
594	597	597	587
595	598	598	588
596	599	599	589
597	600	600	590
598	601	601	591
599	602	602	592
600	603	603	593
601	604	604	594
602	605	605	595
603	606	606	596
604	607	607	597
605	608	608	598
606	609	609	599
607	610	610	600
608	611	611	601
609	612	612	602
610	613	613	603
611	614	614	604
612	615	615	605
613	616	616	606
614	617	617	607
615	618	618	608
616	619	619	609
617	620	620	610
618	621	621	611
619	622	622	612
			613
			614
			615
			616
			617
620	623	623	618
621	624	624	619
622	625	625	620
623	626	626	621
624	627	627	622
625	628	628	623
626	629	629	624
627	630	630	625
628	631	631	626
629	632	632	627
630	633	633	628
631	634	634	629
632	635	635	630
633	636	636	631
634	637	637	632
635	638	638	633
636	639	639	634
637	640	640	635
638	641	641	636
639	642	642	637
640	643	643	638
641	644	644	639
642	645	645	640
643	646	646	641
644	647	647	642
645	648	648	643
646	649	649	644
647	650	650	645
648	651	651	646
649	652	652	647
650	653	653	648
651	654	654	649
652	655	655	650
653	656	656	651
654	657	657	652
655	658	658	653
656	659	659	654
657	660	660	655
658	661	661	656
659	662	662	657
660	663	663	658
661	664	664	659
662	665	665	660
663		666	
664	666	667	
665	667	668	661
666	668	669	662
667	669	670	663
668	670	671	664
669	671	672	665
670	672	673	666
671			
672			
673			
674			
675			
676			
677			
678			
679			
680			
681			
682	673	674	
683	674	675	667
684	675	676	668
685	676	677	669
686	677	678	670
687	678	679	671
688	679	680	672
689	680	681	673
690	681	682	674
691	682	683	675
692	683	684	676
693	684	685	677
694	685	686	678
695	686	687	679
696	687	688	680
697	688	689	681
698	689	690	682
699	690	691	683
700	691	692	684
701	692	693	685
702	693	694	686
703	694	695	687
704	695	696	688
705	696	697	689
706	697	698	690
707	698	699	691
708	699	700	692
709	700	701	693
710	701	702	694
711	702	703	695
712	703	704	696
713	704	705	697
714	705	706	698
715	706	707	699
716	707	708	700
717	708	709	701
718	709	710	702
719	710	711	703
720	711	712	704
721	712	713	705
722	713	714	706
723	714	715	707
			708
724	715	716	709
725	716	717	710
726	717	718	711
727	718	719	712
728	719	720	713
729	720	721	714
730	721	722	715
731	722	723	716
732	723	724	717
733	724	725	718
734	725	726	719
735	726	727	720
736	727	728	721
737	728	729	722
738	729	730	723
739	730	731	724
740	731	732	725
741	732	733	726
742	733	734	727
743	734	735	728
744	735	736	729
745	736	737	730
746	737	738	731
747	738	739	732
748	739	740	733
749	740	741	734
750	741	742	735
751	742	743	736
752	743	744	737
753	744	745	738
754	745	746	739
755	746	747	740
756	747	748	741
757	748	749	742
758	749	750	743
759	750	751	744
760	751	752	745
761	752	753	746
762	753	754	747
763	754	755	748
764	755	756	749
765	756	757	750
766	757	758	751
767	758	759	752
768	759	760	753
769	760	761	754
770	761	762	755
771	762	763	756
772	763	764	757
773	764	765	758
774	765	766	759
775	766	767	760
776	767	768	761
777	768	769	762
778	769	770	763
779	770	771	764
780	771	772	765
781	772	773	766
782	773	774	767
783	774	775	768
784	775	776	769
785	776	777	770
786	777	778	771
787	778	779	772
788	779	780	773
789	780	781	774
790	781	782	775
791	782	783	776
792	783	784	777
793	784	785	778
794	785	786	779
795	786	787	780
796	787	788	781
797	788	789	782
798	789	790	783
799	790	791	784
800	791	792	785
801	792	793	786
802	793	794	787
803	794	795	788
804	795	796	789
805	796	797	790
806	797	798	791
807	798	799	792
808	799	800	793
809	800	801	794
810	801	802	795
811	802	803	796
812	803	804	797
813	804	805	798
814	805	806	799
815	806	807	800
816	807	808	801
817	808	809	802
818	809	810	803
819	810	811	804
820	811	812	805
821	812	813	806
822	813	814	807
823	814	815	808
824	815	816	809
825	816	817	810
826	817	818	811
827	818	819	812
828	819	820	813
829	820	821	814
830	821	822	815
831	822	823	816
832	823	824	817
833	824	825	818
834	825	826	819
835	826	827	820
836	827	828	821
837	828	829	822
838	829	830	823
839	830	831	824
840	831	832	825
841	832	833	826
842	833	834	827
843	834	835	828
844	835	836	829
845	836	837	830
846	837	838	831
847	838	839	832
848	839	840	833
849	840	841	834
850	841	842	835
851	842	843	836
852	843	844	837
853	844	845	838
854	845	846	839
855	846	847	840
856	847	848	841
857	848	849	842
858	849	850	843
859	850	851	844
860	851	852	845
861	852	853	846
862	853	854	847
863	854	855	848
864	855	856	849
865	856	857	850
866	857	858	851
867	858	859	852
868	859	860	853
869	860	861	854
870	861	862	855
871	862	863	856
872	863	864	857
873	864	865	858
874	865	866	859
875	866	867	860
876	867	868	861
877	868	869	862
878	869	870	863
879	870	871	864
880	871	872	865
881	872	873	866
882	873	874	867
883	874	875	868
884	875	876	869
885	876	877	870
886	877	878	871
887	878	879	872
888	879	880	873
889	880	881	874
890	881	882	875
891	882	883	876
892	883	884	877
893	884	885	878
894	885	886	879
895	886	887	880
896	887	888	881
897	888	889	882
898	889	890	883
899	890	891	884
900	891	892	885
901	892	893	886
902	893	894	887
903	894	895	888
904	895	896	889
905	896	897	890
906	897	898	891
907	898	899	892
908	899	900	893
909	900	901	894
910	901	902	895
911	902	903	896
912	903	904	897
913	904	905	898
914	905	906	899
915	906	907	900
916	907	908	901
917	908	909	902
918	909	910	903
919	910	911	904
920	911	912	905
921	912	913	906
922	913	914	907
923	914	915	908
924	915	916	909
925	916	917	910
926	917	918	911
927	918	919	912
928	919	920	913
929	920	921	914
930	921	922	915
931	922	923	916
932	923	924	917
933	924	925	918
934	925	926	919
935	926	927	920
936	927	928	921
937	928	929	922
938	929	930	923
939	930	931	924
940	931	932	925
941	932	933	926
942	933	934	927
943	934	935	928
944	935	936	929
945	936	937	930
946	937	938	931
947	938	939	932
948	939	940	933
949	940	941	934
950	941	942	935
951	942	943	936
952	943	944	937
953	944	945	938
954	945	946	939
955	946	947	940
956	947	948	941
957	948	949	942
958	949	950	943
959	950	951	944
960	951	952	945
961	952	953	946
962	953	954	947
963	954	955	948
964	955	956	949
965	956	957	950
966	957	958	951
967	958	959	952
968	959	960	953
969	960	961	954
970	961	962	955
971	962	963	956
972	963	964	957
973	964	965	958
974	965	966	959
975	966	967	960
976	967	968	961
977	968	969	962
978	969	970	963
979	970	971	964
980	971	972	965
981	972	973	966
982	973	974	967
983	974	975	968
984	975	976	969
985	976	977	970
986	977	978	971
987	978	979	972
988	979	980	973
989	980	981	974
990	981	982	975
991	982	983	976
992	983	984	977
993	984	985	978
994	985	986	979
995	986	987	980
996	987	988	981
997	988	989	982
998	989	990	983
999	990	991	984
1000	991	992	985
1001	992	993	986
1002	993	994	987
1003	994	995	988
1004	995	996	989
1005	996	997	990
1006	997	998	991
1007	998	999	992
1008	999	1000	993
1009	1000	1001	994
1010	1001	1002	995
1011	1002	1003	996
1012	1003	1004	997
1013	1004	1005	998
1014	1005	1006	999
1015	1006	1007	1000
1016	1007	1008	1001
1017	1008	1009	1002
1018	1009	1010	1003
1019	1010	1011	1004
1020	1011	1012	1005
1021	1012	1013	1006
1022	1013	1014	1007
1023	1014	1015	1008
1024	1015	1016	1009
1025	1016	1017	1010
1026	1017	1018	1011
1027	1018	1019	1012
1028	1019	1020	1013
1029	1020	1021	1014
1030	1021	1022	1015
1031	1022	1023	1016
1032	1023	1024	1017
1033	1024	1025	1018
1034	1025	1026	1019
1035	1026	1027	1020
1036	1027	1028	1021
1037	1028	1029	1022
1038	1029	1030	1023
1039	1030	1031	1024
1040	1031	1032	1025
1041	1032	1033	1026
1042	1033	1034	1027
1043	1034	1035	1028
1044	1035	1036	
1045	1036	1037	
1046	1037		1029
1047	1038	1038	1030
1048	1039	1039	1031
1049	1040	1040	1032
1050	1041	1041	1033
1051	1042	1042	1034
1052	1043	1043	1035
1053	1044	1044	1036
1054	1045	1045	1037
1055	1046		1038
1056	1047		1039
1057	1048		1040
1058	1049		1041
1059	1050	1046	1042
1060	1051	1047	1043
1061	1052	1048	1044
1062	1053	1049	1045
1063	1054	1050	1046
1064	1055	1051	1047
1065	1056	1052	1048
1066	1057	1053	1049
1067	1058	1054	1050
	1059	1055	1051
1068	1060	1056	1052
1069	1061	1057	1053
1070	1062	1058	1054
1071	1063	1059	1055
1072	1064	1060	1056
1073	1065	1061	1057
1074	1066	1062	1058
1075	1067	1063	1059
1076	1068	1064	1060
1077	1069	1065	1061
1078	1070	1066	1062
1079	1071	1067	1063
1080	1072	1068	1064
1081	1073	1069	1065
1082	1074	1070	1066
1083	1075	1071	1067
1084	1076	1072	1068
1085		1073	1069
1086		1074	1070
1087	1077	1075	
1088	1078	1076	
1089	1079	1077	1071
1090	1080	1078	1072
1091	1081	1079	1073
1092	1082	1080	1074
1093	1083	1081	1075
1094	1084	1082	1076
1095	1085	1083	1077
1096	1086	1084	1078
1097	1087	1085	1079
1098	1088	1086	1080
1099	1089	1087	1081
1100	1090	1088	
1101	1091	1089	1082
1102	1092	1090	1083
1103	1093	1091	1084
1104	1094	1092	1085
1105	1095	1093	1086
1106	1096	1094	1087
1107	1097	1095	1088
1108	1098	1096	1089
1109	1099	1097	1090
1110	1100	1098	1091
1111	1101	1099	1092
1112	1102	1100	1093
1113	1103	1101	1094
1114	1104	1102	1095
1115	1105	1103	1096
1116	1106	1104	1097
1117	1107	1105	1098
1118	1108	1106	1099
1119	1109	1107	1100
1120	1110	1108	1101
1121	1111	1109	1102
1122	1112	1110	1103
1123	1113	1111	1104
1124	1114	1112	1105
1125	1115	1113	1106
1126	1116	1114	1107
1127	1117	1115	1108
1128	1118	1116	1109
1129	1119	1117	1110
1130	1120	1118	1111
1131	1121	1119	1112
1132	1122	1120	1113
1133	1123	1121	1114
1134	1124	1122	1115
1135	1125	1123	1116
1136	1126	1124	1117
1137	1127	1125	1118
1138	1128	1126	1119
1139	1129	1127	1120
1140	1130	1128	1121
1141	1131	1129	1122
1142	1132	1130	1123
1143	1133	1131	1124
1144	1134	1132	1125
1145	1135	1133	1126
1146	1136	1134	1127
1147			
1148	1137	1135	1128
1149	1138	1136	1129
1150	1139	1137	1130
1151	1140	1138	1131
1152	1141	1139	1132
1153	1142	1140	1133
1154	1143	1141	1134
1155	1144	1142	1135
1156	1145	1143	1136
1157	1146	1144	1137
1158	1147	1145	1138
1159	1148	1146	1139
1160	1149	1147	1140
1161	1150	1148	1141
1162	1151	1149	1142
1163	1152	1150	1143
1164	1153	1151	1144
	1154	1152	
1165	1155	1153	1145
1166	1156	1154	1146
1167	1157	1155	1147
1168	1158	1156	1148
1169	1159	1157	1149
1170	1160	1158	1150
1171	1161	1159	1151
1172	1162	1160	1152
1173	1163	1161	1153
1174	1164	1162	1154
1175	1165	1163	1155
1176	1166	1164	1156
1177	1167	1165	1157
1178	1168	1166	1158
1179	1169	1167	1159
1180	1170	1168	1160
1181	1171	1169	1161
1182	1172	1170	1162
1183	1173	1171	1163
1184	1174	1172	1164
1185	1175	1173	1165
1186	1176	1174	1166
1187	1177	1175	1167
1188	1178	1176	1168
1189	1179	1177	1169
1190	1180	1178	1170
1191	1181	1179	1171
1192	1182	1180	1172
1193	1183	1181	1173
1194	1184	1182	1174
1195	1185	1183	1175
1196	1186	1184	1176
1197	1187	1185	1177
1198	1188	1186	1178
1199	1189	1187	1179
1200	1190	1188	1180
1201	1191	1189	1181
1202	1192	1190	1182
1203	1193	1191	1183
1204	1194	1192	1184
1205	1195	1193	1185
1206	1196	1194	1186
1207	1197	1195	1187
1208	1198	1196	1188
1209	1199	1197	1189
1210	1200	1198	1190
1211	1201	1199	1191
1212	1202	1200	1192
1213	1203	1201	1193
1214	1204	1202	1194
1215	1205	1203	1195
1216	1206	1204	1196
1217	1207	1205	1197
1218	1208	1206	1198
1219	1209	1207	1199
1220	1210	1208	1200
1221	1211	1209	1201
1222	1212	1210	1202
1223	1213	1211	1203
1224	1214	1212	1204
1225	1215	1213	1205
1226	1216	1214	1206
1227	1217	1215	1207
1228	1218	1216	1208
1229	1219	1217	1209
1230	1220	1218	1210
1231	1221	1219	1211
1232	1222	1220	1212
1233	1223	1221	1213
1234	1224	1222	1214
1235	1225	1223	1215
1236	1226	1224	1216
1237	1227	1225	1217
1238	1228	1226	1218
1239	1229	1227	1219
1240	1230	1228	1220
1241	1231	1229	1221
1242	1232	1230	1222
1243	1233	1231	1223
1244	1234	1232	1224
1245	1235	1233	1225
1246	1236	1234	1226
1247	1237	1235	1227
1248	1238	1236	1228
1249	1239	1237	1229
1250	1240	1238	1230
1251	1241	1239	1231
1252	1242	1240	1232
1253	1243	1241	1233
1254	1244	1242	1234
1255	1245	1243	1235
1256	1246	1244	1236
1257	1247	1245	1237
1258	1248	1246	1238
1259	1249	1247	1239
1260	1250	1248	1240
1261	1251	1249	1241
1262	1252	1250	1242
1263	1253	1251	1243
1264	1254	1252	1244
1265	1255	1253	1245
1266	1256	1254	1246
1267	1257	1255	1247
1268	1258	1256	1248
1269	1259	1257	1249
1270	1260	1258	1250
1271	1261	1259	1251
1272	1262	1260	1252
1273	1263	1261	1253
1274	1264	1262	1254
1275	1265	1263	1255
1276	1266	1264	1256
1277	1267	1265	1257
1278	1268	1266	1258
1279	1269	1267	1259
1280	1270	1268	1260
1281	1271	1269	1261
1282	1272	1270	1262
1283	1273	1271	1263
1284	1274	1272	1264
1285	1275	1273	1265
1286	1276	1274	1266
1287	1277	1275	1267
1288	1278	1276	1268
1289	1279	1277	1269
1290	1280	1278	1270
1291	1281	1279	1271
1292	1282	1280	1272
1293	1283	1281	1273
1294	1284	1282	1274
1295	1285	1283	1275
1296	1286	1284	1276
1297	1287	1285	1277
1298	1288	1286	1278
1299	1289	1287	1279
1300	1290	1288	1280
1301	1291	1289	1281
1302	1292	1290	1282
1303	1293	1291	1283
1304	1294	1292	1284
1305	1295	1293	1285
1306	1296	1294	1286
1307	1297	1295	1287
1308	1298	1296	1288
1309	1299	1297	1289
1310	1300	1298	1290
1311	1301	1299	1291
1312	1302	1300	1292
1313	1303	1301	1293
1314	1304	1302	1294
1315	1305	1303	1295
1316	1306	1304	1296
1317	1307	1305	1297
1318	1308	1306	1298
1319	1309	1307	1299
1320	1310	1308	1300
1321	1311	1309	1301
1322	1312	1310	1302
1323	1313	1311	1303
1324	1314	1312	1304
1325	1315	1313	1305
1326	1316	1314	1306
1327	1317	1315	1307
1328	1318	1316	1308
1329	1319	1317	1309
1330	1320	1318	1310
1331	1321	1319	1311
1332	1322	1320	1312
1333	1323	1321	1313
1334	1324	1322	1314
1335	1325	1323	1315
1336	1326	1324	1316
1337	1327	1325	1317
1338	1328	1326	1318
1339	1329	1327	1319
1340	1330	1328	1320
1341	1331	1329	1321
1342	1332	1330	1322
1343	1333	1331	1323
1344	1334	1332	1324
1345	1335	1333	1325
1346	1336	1334	1326
1347	1337	1335	1327
1348	1338	1336	1328
1349	1339	1337	1329
1350	1340	1338	1330
1351	1341	1339	1331
1352	1342	1340	1332
1353	1343	1341	1333
1354	1344	1342	1334
1355	1345	1343	1335
1356	1346	1344	1336
1357	1347	1345	1337
1358	1348	1346	1338
1359	1349	1347	1339
1360	1350	1348	1340
1361	1351	1349	1341
1362	1352	1350	1342
1363	1353	1351	1343
1364	1354	1352	1344
1365	1355	1353	1345
1366	1356	1354	1346
1367	1357	1355	1347
1368	1358	1356	1348
1369	1359	1357	1349
1370	1360	1358	1350
1371	1361	1359	1351
1372	1362	1360	1352
1373	1363	1361	1353
1374	1364	1362	1354
1375	1365	1363	1355
1376	1366	1364	1356
1377	1367	1365	1357
1378	1368	1366	1358
1379	1369	1367	1359
1380	1370	1368	1360
1381	1371	1369	1361
1382	1372	1370	1362
1383	1373	1371	1363
1384	1374	1372	1364
1385	1375	1373	1365
1386	1376	1374	1366
1387	1377	1375	1367
1388	1378	1376	1368
1389	1379	1377	1369
1390	1380	1378	1370
1391	1381	1379	1371
1392	1382	1380	1372
1393	1383	1381	1373
1394	1384	1382	1374
1395	1385	1383	1375
1396	1386	1384	1376
1397	1387	1385	1377
1398	1388	1386	1378
1399	1389	1387	1379
1400	1390		1380
1401	1391		1381
1402	1392		1382
1403	1393	1388	1383
1404	1394	1389	1384
1405	1395	1390	1385
			1386
1406	1396	1391	1387
1407	1397	1392	1388
1408	1398	1393	1389
1409	1399	1394	1390
1410	1400	1395	1391
1411	1401	1396	1392
1412	1402	1397	1393
1413	1403	1398	1394
1414	1404	1399	1395
1415	1405	1400	1396
1416	1406	1401	1397
1417	1407	1402	1398
1418	1408	1403	1399
1419	1409	1404	1400
1420	1410	1405	1401
1421	1411	1406	1402
1422	1412	1407	1403
1423	1413	1408	1404
1424	1414	1409	1405
1425	1415	1410	1406
1426	1416	1411	1407
1427	1417	1412	1408
1428	1418	1413	1409
1429	1419	1414	1410
1430	1420	1415	1411
1431	1421	1416	1412
1432	1422	1417	1413
1433	1423	1418	1414
1434	1424	1419	1415
1435	1425	1420	1416
1436	1426	1421	1417
1437	1427	1422	1418
1438	1428	1423	1419
1439	1429	1424	1420
1440	1430	1425	1421
1441	1431	1426	1422
1442	1432	1427	1423
1443	1433	1428	1424
1444	1434	1429	1425
1445	1435	1430	1426
1446	1436	1431	1427
1447	1437	1432	1428
1448	1438	1433	1429
1449	1439	1434	1430
1450	1440	1435	1431
1451	1441	1436	1432
1452	1442	1437	1433
1453	1443	1438	1434
1454	1444	1439	1435
1455	1445	1440	1436
1456	1446	1441	1437
1457	1447	1442	1438
1458	1448	1443	1439
1459	1449	1444	1440
1460	1450	1445	1441
1461	1451	1446	1442
1462	1452	1447	1443
1463	1453	1448	1444
1464	1454	1449	1445
1465	1455	1450	1446
1466	1456	1451	1447
1467	1457	1452	1448
1468	1458	1453	1449
1469	1459	1454	1450
1470	1460	1455	1451
1471	1461	1456	1452
1472	1462	1457	1453
1473	1463	1458	1454
1474	1464	1459	1455
1475	1465	1460	1456
1476	1466	1461	1457
1477	1467	1462	1458
1478	1468	1463	1459
1479	1469	1464	1460
1480	1470	1465	1461
1481	1471	1466	1462
1482	1472	1467	1463
1483	1473	1468	1464
1484	1474	1469	1465
1485	1475	1470	1466
1486	1476	1471	1467
1487	1477	1472	1468
1488	1478	1473	1469
1489	1479	1474	1470
1490	1480	1475	1471
1491	1481	1476	1472
1492	1482	1477	1473
1493	1483	1478	1474
1494	1484	1479	1475
1495	1485	1480	1476
1496	1486	1481	1477
1497	1487	1482	1478
1498	1488	1483	1479
1499	1489	1484	1480
1500	1490	1485	1481
1501	1491	1486	1482
1502	1492	1487	1483
1503	1493	1488	1484
1504	1494	1489	1485
1505	1495	1490	1486
1506	1496	1491	1487
1507	1497	1492	1488
1508	1498	1493	1489
1509	1499	1494	1490
1510	1500	1495	1491
1511	1501	1496	1492
1512	1502	1497	1493
1513	1503	1498	1494
1514	1504	1499	1495
1515	1505	1500	1496
1516	1506	1501	1497
1517	1507	1502	1498
1518	1508	1503	1499
1519	1509	1504	1500
1520	1510	1505	1501
1521	1511	1506	1502
1522	1512	1507	1503
1523	1513	1508	1504
1524	1514	1509	1505
1525	1515	1510	1506
1526	1516	1511	1507
1527	1517	1512	1508
1528	1518	1513	1509
1529	1519	1514	1510
1530	1520	1515	1511
1531	1521	1516	1512
1532	1522	1517	1513
1533	1523	1518	1514
1534	1524	1519	1515
1535	1525	1520	1516
1536	1526	1521	1517
1537	1527	1522	1518
1538	1528	1523	1519
1539	1529	1524	1520
1540	1530	1525	1521
1541	1531	1526	1522
1542	1532	1527	1523
1543	1533	1528	1524
1544	1534	1529	1525
1545	1535	1530	1526
1546	1536	1531	1527
1547	1537	1532	1528
1548	1538	1533	1529
1549	1539	1534	1530
1550	1540	1535	1531
1551	1541	1536	1532
1552	1542	1537	1533
1553	1543	1538	1534
1554	1544	1539	1535
1555	1545	1540	1536
1556	1546	1541	1537
1557	1547	1542	1538
1558	1548	1543	1539
1559	1549	1544	1540
1560	1550	1545	1541
1561	1551	1546	1542
1562	1552	1547	1543
1563	1553	1548	1544
1564	1554	1549	1545
1565	1555	1550	1546
1566	1556	1551	1547
1567	1557	1552	1548
1568	1558	1553	1549
1569	1559	1554	1550
1570	1560	1555	1551
1571	1561	1556	1552
1572	1562	1557	1553
1573	1563	1558	1554
1574	1564	1559	1555
1575	1565	1560	1556
1576	1566	1561	1557
1577	1567	1562	1558
1578	1568	1563	1559
1579	1569	1564	1560
1580	1570	1565	1561
1581	1571	1566	1562
1582	1572	1567	1563
1583	1573	1568	1564
1584	1574	1569	1565
1585	1575	1570	1566
1586	1576	1571	1567
1587	1577	1572	1568
1588	1578	1573	1569
1589	1579	1574	1570
1590	1580	1575	1571
1591	1581	1576	1572
1592	1582	1577	1573
1593	1583	1578	1574
1594	1584	1579	1575
1595	1585	1580	1576
1596	1586	1581	1577
1597	1587	1582	1578
1598	1588	1583	1579
1599	1589	1584	1580
1600	1590	1585	1581
1601	1591	1586	1582
1602	1592	1587	1583
1603	1593	1588	1584
1604	1594	1589	1585
1605	1595	1590	1586
1606	1596	1591	1587
1607	1597	1592	1588
1608	1598	1593	1589
1609	1599	1594	1590
1610	1600	1595	1591
1611	1601	1596	1592
1612	1602	1597	1593
1613	1603	1598	1594
1614	1604	1599	1595
1615	1605	1600	1596
1616	1606	1601	1597
1617	1607	1602	1598
1618	1608	1603	1599
1619	1609	1604	1600
1620	1610	1605	1601
1621	1611	1606	1602
1622	1612	1607	1603
1623	1613	1608	1604
1624	1614	1609	1605
1625	1615	1610	1606
1626	1616	1611	1607
1627	1617	1612	1608
1628	1618	1613	1609
1629	1619	1614	1610
1630	1620	1615	1611
1631	1621	1616	1612
1632	1622	1617	1613
1633	1623	1618	1614
1634	1624	1619	1615
1635	1625	1620	1616
1636	1626	1621	1617
1637	1627	1622	1618
1638	1628	1623	1619
1639	1629	1624	1620
1640	1630	1625	1621
1641	1631	1626	1622
1642	1632	1627	1623
1643	1633	1628	1624
1644	1634	1629	1625
1645	1635	1630	1626
1646	1636	1631	1627
1647	1637	1632	1628
1648	1638	1633	1629
1649	1639	1634	1630
1650	1640	1635	1631
1651	1641	1636	1632
1652	1642	1637	1633
1653	1643	1638	1634
1654	1644	1639	1635
1655	1645	1640	1636
1656	1646	1641	1637
1657	1647	1642	1638
1658	1648	1643	1639
1659	1649	1644	1640
1660	1650	1645	1641
1661	1651	1646	1642
1662	1652	1647	1643
1663	1653	1648	1644
1664	1654	1649	1645
1665	1655	1650	1646
1666	1656	1651	1647
1667	1657	1652	1648
1668	1658	1653	1649
1669	1659	1654	1650
1670	1660	1655	1651
1671	1661	1656	1652
1672	1662	1657	1653
1673	1663	1658	1654
1674	1664	1659	1655
1675	1665	1660	1656
1676	1666	1661	1657
1677	1667	1662	1658
1678	1668	1663	1659
1679	1669	1664	1660
1680	1670	1665	1661
1681	1671	1666	1662
1682	1672	1667	1663
1683	1673	1668	1664
1684	1674	1669	1665
1685	1675	1670	1666
1686	1676	1671	1667
1687	1677	1672	1668
1688	1678	1673	1669
1689	1679	1674	1670
1690	1680	1675	1671
1691	1681	1676	1672
1692	1682	1677	1673
1693	1683	1678	1674
1694	1684	1679	1675
1695	1685	1680	1676
1696	1686	1681	1677
1697	1687	1682	1678
1698	1688	1683	1679
1699	1689	1684	1680
1700	1690	1685	1681
1701	1691	1686	1682
1702	1692	1687	1683
1703	1693	1688	1684
1704	1694	1689	1685
1705	1695	1690	1686
1706	1696	1691	1687
1707	1697	1692	1688
1708	1698	1693	1689
1709	1699	1694	1690
1710	1700	1695	1691
1711	1701	1696	1692
1712	1702	1697	1693
1713	1703	1698	1694
1714	1704	1699	1695
1715	1705	1700	1696
1716	1706	1701	1697
1717	1707	1702	1698
1718	1708	1703	1699
1719	1709	1704	1700
1720	1710	1705	1701
1721	1711	1706	1702
1722	1712	1707	1703
1723	1713	1708	1704
1724	1714	1709	1705
1725	1715	1710	1706
1726	1716	1711	1707
1727	1717	1712	1708
1728	1718	1713	1709
1729	1719	1714	1710
1730	1720	1715	1711
1731	1721	1716	1712
1732	1722	1717	1713
1733	1723	1718	1714
1734	1724	1719	1715
1735	1725	1720	1716
1736	1726	1721	
1737	1727	1722	1717
1738	1728	1723	1718
1739	1729	1724	1719
1740	1730	1725	1720
1741	1731	1726	1721
1742	1732	1727	1722
1743	1733	1728	1723
1744	1734	1729	1724
1745	1735	1730	1725
1746	1736	1731	1726
1747	1737	1732	1727
1748	1738	1733	1728
1749	1739	1734	1729
1750	1740	1735	1730
1751	1741	1736	1731
1752	1742	1737	1732
1753	1743	1738	1733
1754	1744	1739	1734
1755	1745	1740	1735
1756	1746	1741	1736
1757	1747	1742	1737
1758	1748	1743	1738
1759	1749	1744	1739
1760	1750	1745	1740
1761	1751	1746	1741
1762	1752	1747	1742
1763	1753	1748	1743
1764	1754	1749	1744
1765	1755	1750	1745
1766	1756	1751	1746
1767	1757	1752	1747
1768	1758	1753	1748
1769	1759	1754	1749
1770	1760	1755	1750
1771	1761	1756	1751
1772	1762	1757	1752
1773	1763	1758	1753
1774	1764	1759	1754
1775	1765	1760	1755
1776	1766	1761	1756
1777	1767	1762	1757
1778	1768	1763	1758
1779	1769	1764	1759
1780	1770	1765	1760
1781	1771	1766	1761
1782	1772	1767	1762
1783	1773	1768	1763
1784	1774	1769	1764
1785	1775	1770	1765
1786	1776	1771	1766
1787	1777	1772	1767
1788	1778	1773	1768
1789	1779	1774	1769
1790	1780	1775	1770
1791	1781	1776	1771
1792	1782	1777	1772
1793	1783	1778	1773
1794	1784	1779	1774
1795	1785	1780	1775
1796	1786	1781	1776
1797	1787	1782	1777
1798	1788	1783	1778
1799	1789	1784	1779
1800	1790	1785	1780
1801	1791	1786	1781
1802	1792	1787	1782
1803	1793	1788	1783
1804	1794	1789	1784
1805	1795	1790	1785
1806	1796	1791	1786
1807	1797	1792	1787
1808	1798	1793	1788
1809	1799	1794	1789
1810	1800	1795	1790
1811	1801	1796	1791
1812	1802	1797	1792
1813	1803	1798	1793
1814	1804	1799	1794
1815	1805	1800	1795
1816	1806	1801	1796
1817	1807	1802	1797
1818	1808	1803	1798
1819	1809	1804	1799
1820	1810	1805	1800
1821	1811	1806	1801
1822	1812	1807	1802
1823	1813	1808	1803
1824	1814	1809	1804
1825	1815	1810	1805
1826	1816	1811	1806
1827	1817	1812	1807
1828	1818	1813	1808
1829	1819	1814	1809
1830	1820	1815	1810
1831	1821	1816	1811
1832	1822	1817	1812
1833	1823	1818	1813
1834	1824	1819	1814
1835	1825	1820	1815
1836	1826	1821	1816
1837	1827	1822	1817
1838	1828	1823	1818
1839	1829	1824	1819
1840	1830	1825	1820
1841	1831	1826	1821
1842	1832	1827	1822
1843	1833	1828	1823
1844	1834	1829	1824
1845	1835	1830	1825
1846	1836	1831	1826
1847	1837	1832	1827
1848	1838	1833	1828
1849	1839	1834	1829
1850	1840	1835	1830
1851	1841	1836	1831
1852	1842	1837	1832
1853	1843	1838	1833
1854	1844	1839	1834
1855	1845	1840	1835
1856	1846	1841	1836
1857	1847	1842	1837
1858	1848	1843	1838
1859	1849	1844	1839
1860	1850	1845	1840
1861	1851	1846	1841
1862	1852	1847	1842
1863	1853	1848	1843
1864	1854	1849	1844
1865	1855	1850	1845
1866	1856	1851	1846
1867	1857	1852	1847
1868	1858	1853	1848
1869	1859	1854	1849
1870	1860	1855	1850
1871	1861	1856	1851
1872	1862	1857	1852
1873	1863	1858	1853
1874	1864	1859	1854
1875	1865	1860	1855
1876	1866	1861	1856
1877	1867	1862	1857
1878	1868	1863	1858
1879	1869	1864	1859
1880	1870	1865	1860
1881	1871	1866	1861
1882	1872	1867	1862
1883	1873	1868	1863
1884	1874	1869	1864
1885	1875	1870	1865
1886	1876	1871	1866
1887	1877	1872	1867
1888	1878	1873	1868
1889	1879	1874	1869
1890	1880	1875	1870
1891	1881	1876	1871
1892	1882	1877	1872
1893	1883	1878	1873
1894	1884	1879	1874
1895	1885	1880	1875
1896	1886	1881	1876
1897	1887	1882	1877
1898	1888	1883	1878
1899	1889	1884	1879
1900	1890	1885	1880
1901	1891	1886	1881
1902	1892	1887	1882
1903	1893	1888	1883
1904	1894	1889	1884
1905	1895	1890	1885
1906	1896	1891	1886
1907	1897	1892	1887
1908	1898	1893	1888
1909	1899	1894	1889
1910	1900	1895	1890
1911	1901	1896	1891
1912	1902	1897	1892
1913	1903	1898	1893
1914	1904	1899	1894
1915	1905	1900	1895
1916	1906	1901	1896
1917	1907	1902	1897
1918	1908	1903	1898
1919	1909	1904	1899
1920	1910	1905	1900
1921	1911	1906	1901
1922	1912	1907	1902
1923	1913	1908	1903
1924	1914	1909	1904
1925	1915	1910	1905
1926	1916	1911	1906
1927	1917	1912	1907
1928	1918	1913	1908
1929	1919	1914	1909
1930	1920	1915	1910
1931	1921	1916	1911
1932	1922	1917	1912
1933	1923	1918	1913
1934	1924	1919	
1935	1925	1920	
1936	1926	1921	
1937	1927	1922	
1938	1928	1923	
1939	1929	1924	
1940	1930	1925	
1941	1931	1926	
1942	1932	1927	
1943	1933	1928	
1944	1934	1929	
1945	1935	1930	
1946	1936	1931	
1947	1937	1932	
1948	1938	1933	
1949	1939	1934	
1950	1940	1935	
1951	1941	1936	
1952	1942	1937	1914
1953	1943	1938	1915
1954	1944	1939	1916
1955	1945	1940	1917
1956	1946	1941	1918
1957	1947	1942	1919
1958	1948	1943	1920
1959	1949	1944	1921
1960	1950	1945	1922
1961	1951	1946	1923
1962	1952	1947	1924
1963	1953	1948	1925
1964	1954	1949	1926
1965	1955	1950	1927
1966	1956	1951	1928
1967	1957	1952	1929
1968	1958	1953	1930
1969	1959	1954	1931
1970	1960	1955	1932
1971	1961	1956	1933
1972	1962	1957	1934
1973	1963	1958	1935
1974	1964	1959	1936
1975	1965	1960	1937
1976	1966	1961	1938
1977	1967	1962	1939
1978	1968	1963	1940
1979	1969	1964	1941
1980	1970	1965	1942
1981	1971	1966	1943
1982			
1983	1972	1967	1944
1984	1973	1968	1945
1985	1974	1969	1946
1986	1975	1970	1947
1987	1976	1971	1948
1988	1977	1972	1949
1989	1978	1973	1950
1990	1979	1974	1951
1991	1980	1975	1952
1992	1981	1976	1953
1993	1982	1977	1954
1994	1983	1978	1955
1995	1984	1979	1956
1996	1985	1980	1957
1997	1986	1981	1958
			1959
			1960
			1961
	1987	1982	1962
	1988	1983	1963
	1989	1984	1964
	1990	1985	1965
	1991	1986	1966
	1992	1987	1967
	1993	1988	1968
1998	1994	1989	1969
1999	1995	1990	1970
2000	1996	1991	1971
2001	1997	1992	1972
2002	1998	1993	1973
2003	1999	1994	1974
2004	2000	1995	1975
2005	2001	1996	1976
2006	2002	1997	1977
2007	2003	1998	1978
2008	2004	1999	1979
2009	2005	2000	1980
