gene	transcript	n_exons	exon	cds_len_nt	cum_cds_before_nt	inframe_skip	pct_protein	is_last_coding	is_penultimate_coding
ABCD1	NM_000033	10	1	900	0	1	0.4021	0	0
ABCD1	NM_000033	10	2	181	900	0	0.0809	0	0
ABCD1	NM_000033	10	3	143	1081	0	0.0639	0	0
ABCD1	NM_000033	10	4	169	1224	0	0.0755	0	0
ABCD1	NM_000033	10	5	95	1393	0	0.0424	0	0
ABCD1	NM_000033	10	6	146	1488	0	0.0652	0	0
ABCD1	NM_000033	10	7	146	1634	0	0.0652	0	0
ABCD1	NM_000033	10	8	85	1780	0	0.038	0	0
ABCD1	NM_000033	10	9	126	1865	1	0.0563	0	1
ABCD1	NM_000033	10	10	247	1991	0	0.1104	1	0
ACADVL	NM_000018	20	1	62	0	0	0.0315	0	0
ACADVL	NM_000018	20	2	76	62	0	0.0386	0	0
ACADVL	NM_000018	20	3	66	138	1	0.0335	0	0
ACADVL	NM_000018	20	4	73	204	0	0.0371	0	0
ACADVL	NM_000018	20	5	65	277	0	0.033	0	0
ACADVL	NM_000018	20	6	135	342	1	0.0686	0	0
ACADVL	NM_000018	20	7	145	477	0	0.0737	0	0
ACADVL	NM_000018	20	8	130	622	0	0.0661	0	0
ACADVL	NM_000018	20	9	126	752	1	0.064	0	0
ACADVL	NM_000018	20	10	199	878	0	0.1011	0	0
ACADVL	NM_000018	20	11	105	1077	1	0.0534	0	0
ACADVL	NM_000018	20	12	87	1182	1	0.0442	0	0
ACADVL	NM_000018	20	13	63	1269	1	0.032	0	0
ACADVL	NM_000018	20	14	102	1332	1	0.0518	0	0
ACADVL	NM_000018	20	15	98	1434	0	0.0498	0	0
ACADVL	NM_000018	20	16	73	1532	0	0.0371	0	0
ACADVL	NM_000018	20	17	73	1605	0	0.0371	0	0
ACADVL	NM_000018	20	18	73	1678	0	0.0371	0	0
ACADVL	NM_000018	20	19	76	1751	0	0.0386	0	1
ACADVL	NM_000018	20	20	141	1827	1	0.0716	1	0
ACVRL1	NM_000020	10	2	61	0	0	0.0403	0	0
ACVRL1	NM_000020	10	3	252	61	1	0.1667	0	0
ACVRL1	NM_000020	10	4	212	313	0	0.1402	0	0
ACVRL1	NM_000020	10	5	100	525	0	0.0661	0	0
ACVRL1	NM_000020	10	6	147	625	1	0.0972	0	0
ACVRL1	NM_000020	10	7	276	772	1	0.1825	0	0
ACVRL1	NM_000020	10	8	198	1048	1	0.131	0	0
ACVRL1	NM_000020	10	9	131	1246	0	0.0866	0	1
ACVRL1	NM_000020	10	10	135	1377	1	0.0893	1	0
ADA	NM_000022	12	1	33	0	1	0.0302	0	0
ADA	NM_000022	12	2	62	33	0	0.0568	0	0
ADA	NM_000022	12	3	123	95	1	0.1126	0	0
ADA	NM_000022	12	4	144	218	1	0.1319	0	0
ADA	NM_000022	12	5	116	362	0	0.1062	0	0
ADA	NM_000022	12	6	128	478	0	0.1172	0	0
ADA	NM_000022	12	7	72	606	1	0.0659	0	0
ADA	NM_000022	12	8	102	678	1	0.0934	0	0
ADA	NM_000022	12	9	65	780	0	0.0595	0	0
ADA	NM_000022	12	10	130	845	0	0.119	0	0
ADA	NM_000022	12	11	103	975	0	0.0943	0	1
ADA	NM_000022	12	12	14	1078	0	0.0128	1	0
AIPL1	NM_014336	6	1	96	0	1	0.0831	0	0
AIPL1	NM_014336	6	2	180	96	1	0.1558	0	0
AIPL1	NM_014336	6	3	189	276	1	0.1636	0	0
AIPL1	NM_014336	6	4	177	465	1	0.1532	0	0
AIPL1	NM_014336	6	5	142	642	0	0.1229	0	1
AIPL1	NM_014336	6	6	371	784	0	0.3212	1	0
ATM	NM_000051	63	2	72	0	1	0.0079	0	0
ATM	NM_000051	63	3	113	72	0	0.0123	0	0
ATM	NM_000051	63	4	146	185	0	0.0159	0	0
ATM	NM_000051	63	5	165	331	1	0.018	0	0
ATM	NM_000051	63	6	166	496	0	0.0181	0	0
ATM	NM_000051	63	7	239	662	0	0.0261	0	0
ATM	NM_000051	63	8	164	901	0	0.0179	0	0
ATM	NM_000051	63	9	170	1065	0	0.0185	0	0
ATM	NM_000051	63	10	372	1235	1	0.0406	0	0
ATM	NM_000051	63	11	195	1607	1	0.0213	0	0
ATM	NM_000051	63	12	96	1802	1	0.0105	0	0
ATM	NM_000051	63	13	226	1898	0	0.0246	0	0
ATM	NM_000051	63	14	126	2124	1	0.0137	0	0
ATM	NM_000051	63	15	126	2250	1	0.0137	0	0
ATM	NM_000051	63	16	90	2376	1	0.0098	0	0
ATM	NM_000051	63	17	172	2466	0	0.0188	0	0
ATM	NM_000051	63	18	200	2638	0	0.0218	0	0
ATM	NM_000051	63	19	83	2838	0	0.0091	0	0
ATM	NM_000051	63	20	156	2921	1	0.017	0	0
ATM	NM_000051	63	21	76	3077	0	0.0083	0	0
ATM	NM_000051	63	22	131	3153	0	0.0143	0	0
ATM	NM_000051	63	23	118	3284	0	0.0129	0	0
ATM	NM_000051	63	24	174	3402	1	0.019	0	0
ATM	NM_000051	63	25	170	3576	0	0.0185	0	0
ATM	NM_000051	63	26	247	3746	0	0.0269	0	0
ATM	NM_000051	63	27	116	3993	0	0.0126	0	0
ATM	NM_000051	63	28	127	4109	0	0.0138	0	0
ATM	NM_000051	63	29	200	4236	0	0.0218	0	0
ATM	NM_000051	63	30	175	4436	0	0.0191	0	0
ATM	NM_000051	63	31	165	4611	1	0.018	0	0
ATM	NM_000051	63	32	133	4776	0	0.0145	0	0
ATM	NM_000051	63	33	96	4909	1	0.0105	0	0
ATM	NM_000051	63	34	172	5005	0	0.0188	0	0
ATM	NM_000051	63	35	142	5177	0	0.0155	0	0
ATM	NM_000051	63	36	177	5319	1	0.0193	0	0
ATM	NM_000051	63	37	178	5496	0	0.0194	0	0
ATM	NM_000051	63	38	88	5674	0	0.0096	0	0
ATM	NM_000051	63	39	156	5762	1	0.017	0	0
ATM	NM_000051	63	40	88	5918	0	0.0096	0	0
ATM	NM_000051	63	41	89	6006	0	0.0097	0	0
ATM	NM_000051	63	42	103	6095	0	0.0112	0	0
ATM	NM_000051	63	43	149	6198	0	0.0162	0	0
ATM	NM_000051	63	44	105	6347	1	0.0114	0	0
ATM	NM_000051	63	45	120	6452	1	0.0131	0	0
ATM	NM_000051	63	46	235	6572	0	0.0256	0	0
ATM	NM_000051	63	47	168	6807	1	0.0183	0	0
ATM	NM_000051	63	48	114	6975	1	0.0124	0	0
ATM	NM_000051	63	49	218	7089	0	0.0238	0	0
ATM	NM_000051	63	50	208	7307	0	0.0227	0	0
ATM	NM_000051	63	51	114	7515	1	0.0124	0	0
ATM	NM_000051	63	52	159	7629	1	0.0173	0	0
ATM	NM_000051	63	53	139	7788	0	0.0152	0	0
ATM	NM_000051	63	54	83	7927	0	0.0091	0	0
ATM	NM_000051	63	55	141	8010	1	0.0154	0	0
ATM	NM_000051	63	56	117	8151	1	0.0128	0	0
ATM	NM_000051	63	57	150	8268	1	0.0164	0	0
ATM	NM_000051	63	58	166	8418	0	0.0181	0	0
ATM	NM_000051	63	59	87	8584	1	0.0095	0	0
ATM	NM_000051	63	60	115	8671	0	0.0125	0	0
ATM	NM_000051	63	61	64	8786	0	0.007	0	0
ATM	NM_000051	63	62	137	8850	0	0.0149	0	1
ATM	NM_000051	63	63	184	8987	0	0.0201	1	0
CDH1	NM_004360	16	1	48	0	1	0.0181	0	0
CDH1	NM_004360	16	2	115	48	0	0.0434	0	0
CDH1	NM_004360	16	3	224	163	0	0.0846	0	0
CDH1	NM_004360	16	4	144	387	1	0.0544	0	0
CDH1	NM_004360	16	5	156	531	1	0.0589	0	0
CDH1	NM_004360	16	6	145	687	0	0.0547	0	0
CDH1	NM_004360	16	7	176	832	0	0.0664	0	0
CDH1	NM_004360	16	8	129	1008	1	0.0487	0	0
CDH1	NM_004360	16	9	183	1137	1	0.0691	0	0
CDH1	NM_004360	16	10	245	1320	0	0.0925	0	0
CDH1	NM_004360	16	11	146	1565	0	0.0551	0	0
CDH1	NM_004360	16	12	225	1711	1	0.0849	0	0
CDH1	NM_004360	16	13	228	1936	1	0.0861	0	0
CDH1	NM_004360	16	14	131	2164	0	0.0495	0	0
CDH1	NM_004360	16	15	144	2295	1	0.0544	0	1
CDH1	NM_004360	16	16	210	2439	1	0.0793	1	0
CDKL5	NM_001323289	18	2	64	0	0	0.0222	0	0
CDKL5	NM_001323289	18	3	35	64	0	0.0121	0	0
CDKL5	NM_001323289	18	4	46	99	0	0.016	0	0
CDKL5	NM_001323289	18	5	137	145	0	0.0475	0	0
CDKL5	NM_001323289	18	6	121	282	0	0.042	0	0
CDKL5	NM_001323289	18	7	60	403	1	0.0208	0	0
CDKL5	NM_001323289	18	8	91	463	0	0.0316	0	0
CDKL5	NM_001323289	18	9	190	554	0	0.0659	0	0
CDKL5	NM_001323289	18	10	81	744	1	0.0281	0	0
CDKL5	NM_001323289	18	11	152	825	0	0.0527	0	0
CDKL5	NM_001323289	18	12	967	977	0	0.3354	0	0
CDKL5	NM_001323289	18	13	102	1944	1	0.0354	0	0
CDKL5	NM_001323289	18	14	106	2046	0	0.0368	0	0
CDKL5	NM_001323289	18	15	124	2152	0	0.043	0	0
CDKL5	NM_001323289	18	16	100	2276	0	0.0347	0	0
CDKL5	NM_001323289	18	17	120	2376	1	0.0416	0	1
CDKL5	NM_001323289	18	18	387	2496	1	0.1342	1	0
CTLA4	NM_005214	4	1	109	0	0	0.1622	0	0
CTLA4	NM_005214	4	2	348	109	1	0.5179	0	0
CTLA4	NM_005214	4	3	110	457	0	0.1637	0	1
CTLA4	NM_005214	4	4	105	567	1	0.1562	1	0
CYP1B1	NM_000104	3	2	1043	0	0	0.6391	0	1
CYP1B1	NM_000104	3	3	589	1043	0	0.3609	1	0
DCLRE1C	NM_001033855	14	1	109	0	0	0.0524	0	0
DCLRE1C	NM_001033855	14	2	52	109	0	0.025	0	0
DCLRE1C	NM_001033855	14	3	85	161	0	0.0409	0	0
DCLRE1C	NM_001033855	14	4	60	246	1	0.0289	0	0
DCLRE1C	NM_001033855	14	5	56	306	0	0.0269	0	0
DCLRE1C	NM_001033855	14	6	102	362	1	0.0491	0	0
DCLRE1C	NM_001033855	14	7	73	464	0	0.0351	0	0
DCLRE1C	NM_001033855	14	8	141	537	1	0.0678	0	0
DCLRE1C	NM_001033855	14	9	102	678	1	0.0491	0	0
DCLRE1C	NM_001033855	14	10	137	780	0	0.0659	0	0
DCLRE1C	NM_001033855	14	11	55	917	0	0.0265	0	0
DCLRE1C	NM_001033855	14	12	89	972	0	0.0428	0	0
DCLRE1C	NM_001033855	14	13	95	1061	0	0.0457	0	1
DCLRE1C	NM_001033855	14	14	923	1156	0	0.444	1	0
DICER1	NM_177438	27	2	144	0	1	0.025	0	0
DICER1	NM_177438	27	3	163	144	0	0.0283	0	0
DICER1	NM_177438	27	4	131	307	0	0.0227	0	0
DICER1	NM_177438	27	5	135	438	1	0.0234	0	0
DICER1	NM_177438	27	6	161	573	0	0.0279	0	0
DICER1	NM_177438	27	7	169	734	0	0.0293	0	0
DICER1	NM_177438	27	8	473	903	0	0.082	0	0
DICER1	NM_177438	27	9	133	1376	0	0.0231	0	0
DICER1	NM_177438	27	10	243	1509	1	0.0421	0	0
DICER1	NM_177438	27	11	155	1752	0	0.0269	0	0
DICER1	NM_177438	27	12	133	1907	0	0.0231	0	0
DICER1	NM_177438	27	13	76	2040	0	0.0132	0	0
DICER1	NM_177438	27	14	140	2116	0	0.0243	0	0
DICER1	NM_177438	27	15	180	2256	1	0.0312	0	0
DICER1	NM_177438	27	16	214	2436	0	0.0371	0	0
DICER1	NM_177438	27	17	154	2650	0	0.0267	0	0
DICER1	NM_177438	27	18	183	2804	1	0.0317	0	0
DICER1	NM_177438	27	19	106	2987	0	0.0184	0	0
DICER1	NM_177438	27	20	176	3093	0	0.0305	0	0
DICER1	NM_177438	27	21	781	3269	0	0.1354	0	0
DICER1	NM_177438	27	22	156	4050	1	0.027	0	0
DICER1	NM_177438	27	23	889	4206	0	0.1541	0	0
DICER1	NM_177438	27	24	269	5095	0	0.0466	0	0
DICER1	NM_177438	27	25	163	5364	0	0.0283	0	0
DICER1	NM_177438	27	26	76	5527	0	0.0132	0	1
DICER1	NM_177438	27	27	166	5603	0	0.0288	1	0
ENG	NM_001114753	15	1	67	0	0	0.0339	0	0
ENG	NM_001114753	15	2	152	67	0	0.0769	0	0
ENG	NM_001114753	15	3	141	219	1	0.0713	0	0
ENG	NM_001114753	15	4	163	360	0	0.0824	0	0
ENG	NM_001114753	15	5	166	523	0	0.084	0	0
ENG	NM_001114753	15	6	127	689	0	0.0642	0	0
ENG	NM_001114753	15	7	175	816	0	0.0885	0	0
ENG	NM_001114753	15	8	143	991	0	0.0723	0	0
ENG	NM_001114753	15	9	138	1134	1	0.0698	0	0
ENG	NM_001114753	15	10	39	1272	1	0.0197	0	0
ENG	NM_001114753	15	11	117	1311	1	0.0592	0	0
ENG	NM_001114753	15	12	258	1428	1	0.1305	0	0
ENG	NM_001114753	15	13	55	1686	0	0.0278	0	0
ENG	NM_001114753	15	14	111	1741	1	0.0561	0	1
ENG	NM_001114753	15	15	125	1852	0	0.0632	1	0
F8	NM_000132	26	1	143	0	0	0.0203	0	0
F8	NM_000132	26	2	122	143	0	0.0173	0	0
F8	NM_000132	26	3	123	265	1	0.0174	0	0
F8	NM_000132	26	4	213	388	1	0.0302	0	0
F8	NM_000132	26	5	69	601	1	0.0098	0	0
F8	NM_000132	26	6	117	670	1	0.0166	0	0
F8	NM_000132	26	7	222	787	1	0.0315	0	0
F8	NM_000132	26	8	262	1009	0	0.0371	0	0
F8	NM_000132	26	9	172	1271	0	0.0244	0	0
F8	NM_000132	26	10	94	1443	0	0.0133	0	0
F8	NM_000132	26	11	215	1537	0	0.0305	0	0
F8	NM_000132	26	12	151	1752	0	0.0214	0	0
F8	NM_000132	26	13	210	1903	1	0.0298	0	0
F8	NM_000132	26	14	3106	2113	0	0.4402	0	0
F8	NM_000132	26	15	154	5219	0	0.0218	0	0
F8	NM_000132	26	16	213	5373	1	0.0302	0	0
F8	NM_000132	26	17	229	5586	0	0.0325	0	0
F8	NM_000132	26	18	183	5815	1	0.0259	0	0
F8	NM_000132	26	19	117	5998	1	0.0166	0	0
F8	NM_000132	26	20	72	6115	1	0.0102	0	0
F8	NM_000132	26	21	86	6187	0	0.0122	0	0
F8	NM_000132	26	22	156	6273	1	0.0221	0	0
F8	NM_000132	26	23	145	6429	0	0.0205	0	0
F8	NM_000132	26	24	149	6574	0	0.0211	0	0
F8	NM_000132	26	25	177	6723	1	0.0251	0	1
F8	NM_000132	26	26	156	6900	1	0.0221	1	0
F9	NM_000133	8	1	88	0	0	0.0635	0	0
F9	NM_000133	8	2	164	88	0	0.1183	0	0
F9	NM_000133	8	3	25	252	0	0.018	0	0
F9	NM_000133	8	4	114	277	1	0.0823	0	0
F9	NM_000133	8	5	129	391	1	0.0931	0	0
F9	NM_000133	8	6	203	520	0	0.1465	0	0
F9	NM_000133	8	7	115	723	0	0.083	0	1
F9	NM_000133	8	8	548	838	0	0.3954	1	0
FBN1	NM_000138	66	2	164	0	0	0.019	0	0
FBN1	NM_000138	66	3	83	164	0	0.0096	0	0
FBN1	NM_000138	66	4	99	247	1	0.0115	0	0
FBN1	NM_000138	66	5	96	346	1	0.0111	0	0
FBN1	NM_000138	66	6	96	442	1	0.0111	0	0
FBN1	NM_000138	66	7	198	538	1	0.023	0	0
FBN1	NM_000138	66	8	126	736	1	0.0146	0	0
FBN1	NM_000138	66	9	126	862	1	0.0146	0	0
FBN1	NM_000138	66	10	159	988	1	0.0185	0	0
FBN1	NM_000138	66	11	180	1147	1	0.0209	0	0
FBN1	NM_000138	66	12	141	1327	1	0.0164	0	0
FBN1	NM_000138	66	13	120	1468	1	0.0139	0	0
FBN1	NM_000138	66	14	126	1588	1	0.0146	0	0
FBN1	NM_000138	66	15	123	1714	1	0.0143	0	0
FBN1	NM_000138	66	16	123	1837	1	0.0143	0	0
FBN1	NM_000138	66	17	153	1960	1	0.0178	0	0
FBN1	NM_000138	66	18	54	2113	1	0.0063	0	0
FBN1	NM_000138	66	19	126	2167	1	0.0146	0	0
FBN1	NM_000138	66	20	126	2293	1	0.0146	0	0
FBN1	NM_000138	66	21	120	2419	1	0.0139	0	0
FBN1	NM_000138	66	22	138	2539	1	0.016	0	0
FBN1	NM_000138	66	23	51	2677	1	0.0059	0	0
FBN1	NM_000138	66	24	126	2728	1	0.0146	0	0
FBN1	NM_000138	66	25	228	2854	1	0.0265	0	0
FBN1	NM_000138	66	26	126	3082	1	0.0146	0	0
FBN1	NM_000138	66	27	129	3208	1	0.015	0	0
FBN1	NM_000138	66	28	126	3337	1	0.0146	0	0
FBN1	NM_000138	66	29	126	3463	1	0.0146	0	0
FBN1	NM_000138	66	30	123	3589	1	0.0143	0	0
FBN1	NM_000138	66	31	126	3712	1	0.0146	0	0
FBN1	NM_000138	66	32	126	3838	1	0.0146	0	0
FBN1	NM_000138	66	33	123	3964	1	0.0143	0	0
FBN1	NM_000138	66	34	123	4087	1	0.0143	0	0
FBN1	NM_000138	66	35	126	4210	1	0.0146	0	0
FBN1	NM_000138	66	36	123	4336	1	0.0143	0	0
FBN1	NM_000138	66	37	123	4459	1	0.0143	0	0
FBN1	NM_000138	66	38	165	4582	1	0.0192	0	0
FBN1	NM_000138	66	39	69	4747	1	0.008	0	0
FBN1	NM_000138	66	40	126	4816	1	0.0146	0	0
FBN1	NM_000138	66	41	123	4942	1	0.0143	0	0
FBN1	NM_000138	66	42	159	5065	1	0.0185	0	0
FBN1	NM_000138	66	43	72	5224	1	0.0084	0	0
FBN1	NM_000138	66	44	126	5296	1	0.0146	0	0
FBN1	NM_000138	66	45	123	5422	1	0.0143	0	0
FBN1	NM_000138	66	46	126	5545	1	0.0146	0	0
FBN1	NM_000138	66	47	117	5671	1	0.0136	0	0
FBN1	NM_000138	66	48	129	5788	1	0.015	0	0
FBN1	NM_000138	66	49	120	5917	1	0.0139	0	0
FBN1	NM_000138	66	50	126	6037	1	0.0146	0	0
FBN1	NM_000138	66	51	150	6163	1	0.0174	0	0
FBN1	NM_000138	66	52	66	6313	1	0.0077	0	0
FBN1	NM_000138	66	53	117	6379	1	0.0136	0	0
FBN1	NM_000138	66	54	120	6496	1	0.0139	0	0
FBN1	NM_000138	66	55	123	6616	1	0.0143	0	0
FBN1	NM_000138	66	56	132	6739	1	0.0153	0	0
FBN1	NM_000138	66	57	126	6871	1	0.0146	0	0
FBN1	NM_000138	66	58	207	6997	1	0.024	0	0
FBN1	NM_000138	66	59	126	7204	1	0.0146	0	0
FBN1	NM_000138	66	60	123	7330	1	0.0143	0	0
FBN1	NM_000138	66	61	117	7453	1	0.0136	0	0
FBN1	NM_000138	66	62	129	7570	1	0.015	0	0
FBN1	NM_000138	66	63	120	7699	1	0.0139	0	0
FBN1	NM_000138	66	64	232	7819	0	0.0269	0	0
FBN1	NM_000138	66	65	175	8051	0	0.0203	0	1
FBN1	NM_000138	66	66	390	8226	1	0.0453	1	0
FOXG1	NM_005249	1	1	1470	0	1	1.0	1	0
FOXN1	NM_001369369	9	2	123	0	1	0.0632	0	0
FOXN1	NM_001369369	9	3	465	123	1	0.2388	0	0
FOXN1	NM_001369369	9	4	111	588	1	0.057	0	0
FOXN1	NM_001369369	9	5	131	699	0	0.0673	0	0
FOXN1	NM_001369369	9	6	97	830	0	0.0498	0	0
FOXN1	NM_001369369	9	7	208	927	0	0.1068	0	0
FOXN1	NM_001369369	9	8	492	1135	1	0.2527	0	1
FOXN1	NM_001369369	9	9	320	1627	0	0.1644	1	0
GAA	NM_000152	20	2	546	0	1	0.191	0	0
GAA	NM_000152	20	3	146	546	0	0.0511	0	0
GAA	NM_000152	20	4	166	692	0	0.0581	0	0
GAA	NM_000152	20	5	97	858	0	0.0339	0	0
GAA	NM_000152	20	6	120	955	1	0.042	0	0
GAA	NM_000152	20	7	119	1075	0	0.0416	0	0
GAA	NM_000152	20	8	132	1194	1	0.0462	0	0
GAA	NM_000152	20	9	111	1326	1	0.0388	0	0
GAA	NM_000152	20	10	114	1437	1	0.0399	0	0
GAA	NM_000152	20	11	85	1551	0	0.0297	0	0
GAA	NM_000152	20	12	118	1636	0	0.0413	0	0
GAA	NM_000152	20	13	134	1754	0	0.0469	0	0
GAA	NM_000152	20	14	152	1888	0	0.0532	0	0
GAA	NM_000152	20	15	149	2040	0	0.0521	0	0
GAA	NM_000152	20	16	142	2189	0	0.0497	0	0
GAA	NM_000152	20	17	150	2331	1	0.0525	0	0
GAA	NM_000152	20	18	165	2481	1	0.0577	0	0
GAA	NM_000152	20	19	153	2646	1	0.0535	0	1
GAA	NM_000152	20	20	60	2799	1	0.021	1	0
GAMT	NM_000156	6	1	181	0	0	0.2546	0	0
GAMT	NM_000156	6	2	146	181	0	0.2053	0	0
GAMT	NM_000156	6	3	64	327	0	0.09	0	0
GAMT	NM_000156	6	4	68	391	0	0.0956	0	0
GAMT	NM_000156	6	5	111	459	1	0.1561	0	1
GAMT	NM_000156	6	6	141	570	1	0.1983	1	0
GCK	NM_000162	10	1	45	0	1	0.0322	0	0
GCK	NM_000162	10	2	163	45	0	0.1166	0	0
GCK	NM_000162	10	3	155	208	0	0.1109	0	0
GCK	NM_000162	10	4	120	363	1	0.0858	0	0
GCK	NM_000162	10	5	96	483	1	0.0687	0	0
GCK	NM_000162	10	6	100	579	0	0.0715	0	0
GCK	NM_000162	10	7	184	679	0	0.1316	0	0
GCK	NM_000162	10	8	156	863	1	0.1116	0	0
GCK	NM_000162	10	9	234	1019	1	0.1674	0	1
GCK	NM_000162	10	10	145	1253	0	0.1037	1	0
GJB2	NM_004004	2	2	681	0	1	1.0	1	0
GP1BA	NM_000173	2	2	1959	0	1	1.0	1	0
GP1BB	NM_000407	2	1	10	0	0	0.0161	0	1
GP1BB	NM_000407	2	2	611	10	0	0.9839	1	0
GP9	NM_000174	3	3	534	0	1	1.0	1	0
GUCY2D	NM_000180	20	2	721	0	0	0.2177	0	0
GUCY2D	NM_000180	20	3	305	721	0	0.0921	0	0
GUCY2D	NM_000180	20	4	352	1026	0	0.1063	0	0
GUCY2D	NM_000180	20	5	85	1378	0	0.0257	0	0
GUCY2D	NM_000180	20	6	103	1463	0	0.0311	0	0
GUCY2D	NM_000180	20	7	102	1566	1	0.0308	0	0
GUCY2D	NM_000180	20	8	81	1668	1	0.0245	0	0
GUCY2D	NM_000180	20	9	207	1749	1	0.0625	0	0
GUCY2D	NM_000180	20	10	157	1956	0	0.0474	0	0
GUCY2D	NM_000180	20	11	150	2113	1	0.0453	0	0
GUCY2D	NM_000180	20	12	149	2263	0	0.045	0	0
GUCY2D	NM_000180	20	13	164	2412	0	0.0495	0	0
GUCY2D	NM_000180	20	14	193	2576	0	0.0583	0	0
GUCY2D	NM_000180	20	15	175	2769	0	0.0528	0	0
GUCY2D	NM_000180	20	16	99	2944	1	0.0299	0	0
GUCY2D	NM_000180	20	17	95	3043	0	0.0287	0	0
GUCY2D	NM_000180	20	18	86	3138	0	0.026	0	1
GUCY2D	NM_000180	20	19	88	3224	0	0.0266	1	0
HBA2	NM_000517	3	1	95	0	0	0.2214	0	0
HBA2	NM_000517	3	2	205	95	0	0.4779	0	1
HBA2	NM_000517	3	3	129	300	1	0.3007	1	0
HBB	NM_000518	3	1	92	0	0	0.2072	0	0
HBB	NM_000518	3	2	223	92	0	0.5023	0	1
HBB	NM_000518	3	3	129	315	1	0.2905	1	0
HNF1A	NM_000545	10	1	326	0	0	0.1719	0	0
HNF1A	NM_000545	10	2	200	326	0	0.1055	0	0
HNF1A	NM_000545	10	3	187	526	0	0.0986	0	0
HNF1A	NM_000545	10	4	242	713	0	0.1276	0	0
HNF1A	NM_000545	10	5	152	955	0	0.0802	0	0
HNF1A	NM_000545	10	6	202	1107	0	0.1065	0	0
HNF1A	NM_000545	10	7	192	1309	1	0.1013	0	0
HNF1A	NM_000545	10	8	122	1501	0	0.0643	0	0
HNF1A	NM_000545	10	9	145	1623	0	0.0765	0	1
HNF1A	NM_000545	10	10	128	1768	0	0.0675	1	0
HNF4A	NM_175914	10	1	49	0	0	0.0361	0	0
HNF4A	NM_175914	10	2	175	49	0	0.1288	0	0
HNF4A	NM_175914	10	3	95	224	0	0.0699	0	0
HNF4A	NM_175914	10	4	107	319	0	0.0787	0	0
HNF4A	NM_175914	10	5	156	426	1	0.1148	0	0
HNF4A	NM_175914	10	6	88	582	0	0.0648	0	0
HNF4A	NM_175914	10	7	156	670	1	0.1148	0	0
HNF4A	NM_175914	10	8	237	826	1	0.1744	0	0
HNF4A	NM_175914	10	9	153	1063	1	0.1126	0	1
HNF4A	NM_175914	10	10	143	1216	0	0.1052	1	0
IDUA	NM_000203	14	1	158	0	0	0.0805	0	0
IDUA	NM_000203	14	2	141	158	1	0.0719	0	0
IDUA	NM_000203	14	3	86	299	0	0.0438	0	0
IDUA	NM_000203	14	4	108	385	1	0.055	0	0
IDUA	NM_000203	14	5	96	493	1	0.0489	0	0
IDUA	NM_000203	14	6	203	589	0	0.1035	0	0
IDUA	NM_000203	14	7	180	792	1	0.0917	0	0
IDUA	NM_000203	14	8	217	972	0	0.1106	0	0
IDUA	NM_000203	14	9	213	1189	1	0.1086	0	0
IDUA	NM_000203	14	10	122	1402	0	0.0622	0	0
IDUA	NM_000203	14	11	126	1524	1	0.0642	0	0
IDUA	NM_000203	14	12	77	1650	0	0.0392	0	0
IDUA	NM_000203	14	13	101	1727	0	0.0515	0	1
IDUA	NM_000203	14	14	134	1828	0	0.0683	1	0
IL2RG	NM_000206	8	1	115	0	0	0.1036	0	0
IL2RG	NM_000206	8	2	154	115	0	0.1387	0	0
IL2RG	NM_000206	8	3	185	269	0	0.1667	0	0
IL2RG	NM_000206	8	4	140	454	0	0.1261	0	0
IL2RG	NM_000206	8	5	163	594	0	0.1468	0	0
IL2RG	NM_000206	8	6	97	757	0	0.0874	0	0
IL2RG	NM_000206	8	7	70	854	0	0.0631	0	1
IL2RG	NM_000206	8	8	186	924	1	0.1676	1	0
IL7R	NM_002185	8	1	82	0	0	0.0594	0	0
IL7R	NM_002185	8	2	139	82	0	0.1007	0	0
IL7R	NM_002185	8	3	158	221	0	0.1145	0	0
IL7R	NM_002185	8	4	158	379	0	0.1145	0	0
IL7R	NM_002185	8	5	169	537	0	0.1225	0	0
IL7R	NM_002185	8	6	94	706	0	0.0681	0	0
IL7R	NM_002185	8	7	76	800	0	0.0551	0	1
IL7R	NM_002185	8	8	504	876	1	0.3652	1	0
JAK3	NM_000215	24	2	184	0	0	0.0545	0	0
JAK3	NM_000215	24	3	124	184	0	0.0367	0	0
JAK3	NM_000215	24	4	112	308	0	0.0332	0	0
JAK3	NM_000215	24	5	146	420	0	0.0433	0	0
JAK3	NM_000215	24	6	295	566	0	0.0874	0	0
JAK3	NM_000215	24	7	123	861	1	0.0364	0	0
JAK3	NM_000215	24	8	158	984	0	0.0468	0	0
JAK3	NM_000215	24	9	112	1142	0	0.0332	0	0
JAK3	NM_000215	24	10	187	1254	0	0.0554	0	0
JAK3	NM_000215	24	11	128	1441	0	0.0379	0	0
JAK3	NM_000215	24	12	132	1569	1	0.0391	0	0
JAK3	NM_000215	24	13	85	1701	0	0.0252	0	0
JAK3	NM_000215	24	14	128	1786	0	0.0379	0	0
JAK3	NM_000215	24	15	133	1914	0	0.0394	0	0
JAK3	NM_000215	24	16	152	2047	0	0.045	0	0
JAK3	NM_000215	24	17	151	2199	0	0.0447	0	0
JAK3	NM_000215	24	18	140	2350	0	0.0415	0	0
JAK3	NM_000215	24	19	190	2490	0	0.0563	0	0
JAK3	NM_000215	24	20	125	2680	0	0.037	0	0
JAK3	NM_000215	24	21	173	2805	0	0.0513	0	0
JAK3	NM_000215	24	22	118	2978	0	0.035	0	0
JAK3	NM_000215	24	23	111	3096	1	0.0329	0	1
JAK3	NM_000215	24	24	168	3207	1	0.0498	1	0
KCNQ1	NM_000218	16	1	386	0	0	0.1901	0	0
KCNQ1	NM_000218	16	2	91	386	0	0.0448	0	0
KCNQ1	NM_000218	16	3	127	477	0	0.0625	0	0
KCNQ1	NM_000218	16	4	79	604	0	0.0389	0	0
KCNQ1	NM_000218	16	5	97	683	0	0.0478	0	0
KCNQ1	NM_000218	16	6	141	780	1	0.0694	0	0
KCNQ1	NM_000218	16	7	111	921	1	0.0547	0	0
KCNQ1	NM_000218	16	8	96	1032	1	0.0473	0	0
KCNQ1	NM_000218	16	9	123	1128	1	0.0606	0	0
KCNQ1	NM_000218	16	10	142	1251	0	0.0699	0	0
KCNQ1	NM_000218	16	11	121	1393	0	0.0596	0	0
KCNQ1	NM_000218	16	12	76	1514	0	0.0374	0	0
KCNQ1	NM_000218	16	13	95	1590	0	0.0468	0	0
KCNQ1	NM_000218	16	14	47	1685	0	0.0231	0	0
KCNQ1	NM_000218	16	15	62	1732	0	0.0305	0	1
KCNQ1	NM_000218	16	16	237	1794	1	0.1167	1	0
MECP2	NM_001110792	3	1	62	0	0	0.0414	0	0
MECP2	NM_001110792	3	2	351	62	1	0.2345	0	1
MECP2	NM_001110792	3	3	1084	413	0	0.7241	1	0
MLH1	NM_000249	19	1	116	0	0	0.0511	0	0
MLH1	NM_000249	19	2	91	116	0	0.0401	0	0
MLH1	NM_000249	19	3	99	207	1	0.0436	0	0
MLH1	NM_000249	19	4	74	306	0	0.0326	0	0
MLH1	NM_000249	19	5	73	380	0	0.0321	0	0
MLH1	NM_000249	19	6	92	453	0	0.0405	0	0
MLH1	NM_000249	19	7	43	545	0	0.0189	0	0
MLH1	NM_000249	19	8	89	588	0	0.0392	0	0
MLH1	NM_000249	19	9	113	677	0	0.0498	0	0
MLH1	NM_000249	19	10	94	790	0	0.0414	0	0
MLH1	NM_000249	19	11	154	884	0	0.0678	0	0
MLH1	NM_000249	19	12	371	1038	0	0.1634	0	0
MLH1	NM_000249	19	13	149	1409	0	0.0656	0	0
MLH1	NM_000249	19	14	109	1558	0	0.048	0	0
MLH1	NM_000249	19	15	64	1667	0	0.0282	0	0
MLH1	NM_000249	19	16	165	1731	1	0.0727	0	0
MLH1	NM_000249	19	17	93	1896	1	0.041	0	0
MLH1	NM_000249	19	18	114	1989	1	0.0502	0	1
MLH1	NM_000249	19	19	168	2103	1	0.074	1	0
MSH2	NM_000251	16	1	211	0	0	0.0752	0	0
MSH2	NM_000251	16	2	155	211	0	0.0553	0	0
MSH2	NM_000251	16	3	279	366	1	0.0995	0	0
MSH2	NM_000251	16	4	147	645	1	0.0524	0	0
MSH2	NM_000251	16	5	150	792	1	0.0535	0	0
MSH2	NM_000251	16	6	134	942	0	0.0478	0	0
MSH2	NM_000251	16	7	200	1076	0	0.0713	0	0
MSH2	NM_000251	16	8	110	1276	0	0.0392	0	0
MSH2	NM_000251	16	9	124	1386	0	0.0442	0	0
MSH2	NM_000251	16	10	151	1510	0	0.0538	0	0
MSH2	NM_000251	16	11	98	1661	0	0.0349	0	0
MSH2	NM_000251	16	12	246	1759	1	0.0877	0	0
MSH2	NM_000251	16	13	205	2005	0	0.0731	0	0
MSH2	NM_000251	16	14	248	2210	0	0.0884	0	0
MSH2	NM_000251	16	15	176	2458	0	0.0627	0	1
MSH2	NM_000251	16	16	171	2634	1	0.061	1	0
MSH6	NM_000179	10	1	260	0	0	0.0637	0	0
MSH6	NM_000179	10	2	197	260	0	0.0482	0	0
MSH6	NM_000179	10	3	170	457	0	0.0416	0	0
MSH6	NM_000179	10	4	2545	627	0	0.6233	0	0
MSH6	NM_000179	10	5	266	3172	0	0.0651	0	0
MSH6	NM_000179	10	6	118	3438	0	0.0289	0	0
MSH6	NM_000179	10	7	90	3556	1	0.022	0	0
MSH6	NM_000179	10	8	155	3646	0	0.038	0	0
MSH6	NM_000179	10	9	200	3801	0	0.049	0	1
MSH6	NM_000179	10	10	82	4001	0	0.0201	1	0
MYBPC3	NM_000256	35	1	25	0	0	0.0065	0	0
MYBPC3	NM_000256	35	2	267	25	1	0.0698	0	0
MYBPC3	NM_000256	35	3	114	292	1	0.0298	0	0
MYBPC3	NM_000256	35	4	99	406	1	0.0259	0	0
MYBPC3	NM_000256	35	5	149	505	0	0.039	0	0
MYBPC3	NM_000256	35	6	118	654	0	0.0308	0	0
MYBPC3	NM_000256	35	7	49	772	0	0.0128	0	0
MYBPC3	NM_000256	35	8	30	821	1	0.0078	0	0
MYBPC3	NM_000256	35	9	54	851	1	0.0141	0	0
MYBPC3	NM_000256	35	10	3	905	1	0.0008	0	0
MYBPC3	NM_000256	35	11	18	908	1	0.0047	0	0
MYBPC3	NM_000256	35	12	164	926	0	0.0429	0	0
MYBPC3	NM_000256	35	13	133	1090	0	0.0348	0	0
MYBPC3	NM_000256	35	14	3	1223	1	0.0008	0	0
MYBPC3	NM_000256	35	15	125	1226	0	0.0327	0	0
MYBPC3	NM_000256	35	16	106	1351	0	0.0277	0	0
MYBPC3	NM_000256	35	17	167	1457	0	0.0437	0	0
MYBPC3	NM_000256	35	18	166	1624	0	0.0434	0	0
MYBPC3	NM_000256	35	19	107	1790	0	0.028	0	0
MYBPC3	NM_000256	35	20	30	1897	1	0.0078	0	0
MYBPC3	NM_000256	35	21	140	1927	0	0.0366	0	0
MYBPC3	NM_000256	35	22	81	2067	1	0.0212	0	0
MYBPC3	NM_000256	35	23	160	2148	0	0.0418	0	0
MYBPC3	NM_000256	35	24	105	2308	1	0.0275	0	0
MYBPC3	NM_000256	35	25	189	2413	1	0.0494	0	0
MYBPC3	NM_000256	35	26	135	2602	1	0.0353	0	0
MYBPC3	NM_000256	35	27	168	2737	1	0.0439	0	0
MYBPC3	NM_000256	35	28	89	2905	0	0.0233	0	0
MYBPC3	NM_000256	35	29	196	2994	0	0.0512	0	0
MYBPC3	NM_000256	35	30	140	3190	0	0.0366	0	0
MYBPC3	NM_000256	35	31	160	3330	0	0.0418	0	0
MYBPC3	NM_000256	35	32	137	3490	0	0.0358	0	0
MYBPC3	NM_000256	35	33	187	3627	0	0.0489	0	1
MYBPC3	NM_000256	35	34	11	3814	0	0.0029	1	0
NEB	NM_001164508	182	3	36	0	1	0.0014	0	0
NEB	NM_001164508	182	4	42	36	1	0.0016	0	0
NEB	NM_001164508	182	5	216	78	1	0.0084	0	0
NEB	NM_001164508	182	6	108	294	1	0.0042	0	0
NEB	NM_001164508	182	7	105	402	1	0.0041	0	0
NEB	NM_001164508	182	8	105	507	1	0.0041	0	0
NEB	NM_001164508	182	9	105	612	1	0.0041	0	0
NEB	NM_001164508	182	10	105	717	1	0.0041	0	0
NEB	NM_001164508	182	11	105	822	1	0.0041	0	0
NEB	NM_001164508	182	12	108	927	1	0.0042	0	0
NEB	NM_001164508	182	13	117	1035	1	0.0046	0	0
NEB	NM_001164508	182	14	105	1152	1	0.0041	0	0
NEB	NM_001164508	182	15	108	1257	1	0.0042	0	0
NEB	NM_001164508	182	16	105	1365	1	0.0041	0	0
NEB	NM_001164508	182	17	99	1470	1	0.0039	0	0
NEB	NM_001164508	182	18	105	1569	1	0.0041	0	0
NEB	NM_001164508	182	19	108	1674	1	0.0042	0	0
NEB	NM_001164508	182	20	114	1782	1	0.0045	0	0
NEB	NM_001164508	182	21	102	1896	1	0.004	0	0
NEB	NM_001164508	182	22	108	1998	1	0.0042	0	0
NEB	NM_001164508	182	23	105	2106	1	0.0041	0	0
NEB	NM_001164508	182	24	99	2211	1	0.0039	0	0
NEB	NM_001164508	182	25	105	2310	1	0.0041	0	0
NEB	NM_001164508	182	26	108	2415	1	0.0042	0	0
NEB	NM_001164508	182	27	114	2523	1	0.0045	0	0
NEB	NM_001164508	182	28	198	2637	1	0.0077	0	0
NEB	NM_001164508	182	29	108	2835	1	0.0042	0	0
NEB	NM_001164508	182	30	99	2943	1	0.0039	0	0
NEB	NM_001164508	182	31	105	3042	1	0.0041	0	0
NEB	NM_001164508	182	32	108	3147	1	0.0042	0	0
NEB	NM_001164508	182	33	312	3255	1	0.0122	0	0
NEB	NM_001164508	182	34	207	3567	1	0.0081	0	0
NEB	NM_001164508	182	35	105	3774	1	0.0041	0	0
NEB	NM_001164508	182	36	108	3879	1	0.0042	0	0
NEB	NM_001164508	182	37	312	3987	1	0.0122	0	0
NEB	NM_001164508	182	38	207	4299	1	0.0081	0	0
NEB	NM_001164508	182	39	105	4506	1	0.0041	0	0
NEB	NM_001164508	182	40	108	4611	1	0.0042	0	0
NEB	NM_001164508	182	41	312	4719	1	0.0122	0	0
NEB	NM_001164508	182	42	207	5031	1	0.0081	0	0
NEB	NM_001164508	182	43	105	5238	1	0.0041	0	0
NEB	NM_001164508	182	44	108	5343	1	0.0042	0	0
NEB	NM_001164508	182	45	312	5451	1	0.0122	0	0
NEB	NM_001164508	182	46	207	5763	1	0.0081	0	0
NEB	NM_001164508	182	47	105	5970	1	0.0041	0	0
NEB	NM_001164508	182	48	108	6075	1	0.0042	0	0
NEB	NM_001164508	182	49	312	6183	1	0.0122	0	0
NEB	NM_001164508	182	50	207	6495	1	0.0081	0	0
NEB	NM_001164508	182	51	105	6702	1	0.0041	0	0
NEB	NM_001164508	182	52	108	6807	1	0.0042	0	0
NEB	NM_001164508	182	53	312	6915	1	0.0122	0	0
NEB	NM_001164508	182	54	204	7227	1	0.008	0	0
NEB	NM_001164508	182	55	105	7431	1	0.0041	0	0
NEB	NM_001164508	182	56	108	7536	1	0.0042	0	0
NEB	NM_001164508	182	57	312	7644	1	0.0122	0	0
NEB	NM_001164508	182	58	204	7956	1	0.008	0	0
NEB	NM_001164508	182	59	105	8160	1	0.0041	0	0
NEB	NM_001164508	182	60	108	8265	1	0.0042	0	0
NEB	NM_001164508	182	61	312	8373	1	0.0122	0	0
NEB	NM_001164508	182	62	204	8685	1	0.008	0	0
NEB	NM_001164508	182	63	105	8889	1	0.0041	0	0
NEB	NM_001164508	182	64	108	8994	1	0.0042	0	0
NEB	NM_001164508	182	65	312	9102	1	0.0122	0	0
NEB	NM_001164508	182	66	204	9414	1	0.008	0	0
NEB	NM_001164508	182	67	105	9618	1	0.0041	0	0
NEB	NM_001164508	182	68	108	9723	1	0.0042	0	0
NEB	NM_001164508	182	69	312	9831	1	0.0122	0	0
NEB	NM_001164508	182	70	204	10143	1	0.008	0	0
NEB	NM_001164508	182	71	105	10347	1	0.0041	0	0
NEB	NM_001164508	182	72	108	10452	1	0.0042	0	0
NEB	NM_001164508	182	73	312	10560	1	0.0122	0	0
NEB	NM_001164508	182	74	204	10872	1	0.008	0	0
NEB	NM_001164508	182	75	105	11076	1	0.0041	0	0
NEB	NM_001164508	182	76	108	11181	1	0.0042	0	0
NEB	NM_001164508	182	77	312	11289	1	0.0122	0	0
NEB	NM_001164508	182	78	204	11601	1	0.008	0	0
NEB	NM_001164508	182	79	105	11805	1	0.0041	0	0
NEB	NM_001164508	182	80	108	11910	1	0.0042	0	0
NEB	NM_001164508	182	81	312	12018	1	0.0122	0	0
NEB	NM_001164508	182	82	204	12330	1	0.008	0	0
NEB	NM_001164508	182	83	105	12534	1	0.0041	0	0
NEB	NM_001164508	182	84	108	12639	1	0.0042	0	0
NEB	NM_001164508	182	85	312	12747	1	0.0122	0	0
NEB	NM_001164508	182	86	204	13059	1	0.008	0	0
NEB	NM_001164508	182	87	105	13263	1	0.0041	0	0
NEB	NM_001164508	182	88	108	13368	1	0.0042	0	0
NEB	NM_001164508	182	89	312	13476	1	0.0122	0	0
NEB	NM_001164508	182	90	204	13788	1	0.008	0	0
NEB	NM_001164508	182	91	105	13992	1	0.0041	0	0
NEB	NM_001164508	182	92	108	14097	1	0.0042	0	0
NEB	NM_001164508	182	93	312	14205	1	0.0122	0	0
NEB	NM_001164508	182	94	204	14517	1	0.008	0	0
NEB	NM_001164508	182	95	105	14721	1	0.0041	0	0
NEB	NM_001164508	182	96	108	14826	1	0.0042	0	0
NEB	NM_001164508	182	97	312	14934	1	0.0122	0	0
NEB	NM_001164508	182	98	204	15246	1	0.008	0	0
NEB	NM_001164508	182	99	105	15450	1	0.0041	0	0
NEB	NM_001164508	182	100	108	15555	1	0.0042	0	0
NEB	NM_001164508	182	101	312	15663	1	0.0122	0	0
NEB	NM_001164508	182	102	204	15975	1	0.008	0	0
NEB	NM_001164508	182	103	105	16179	1	0.0041	0	0
NEB	NM_001164508	182	104	108	16284	1	0.0042	0	0
NEB	NM_001164508	182	105	312	16392	1	0.0122	0	0
NEB	NM_001164508	182	106	204	16704	1	0.008	0	0
NEB	NM_001164508	182	107	105	16908	1	0.0041	0	0
NEB	NM_001164508	182	108	105	17013	1	0.0041	0	0
NEB	NM_001164508	182	109	312	17118	1	0.0122	0	0
NEB	NM_001164508	182	110	105	17430	1	0.0041	0	0
NEB	NM_001164508	182	111	99	17535	1	0.0039	0	0
NEB	NM_001164508	182	112	102	17634	1	0.004	0	0
NEB	NM_001164508	182	113	108	17736	1	0.0042	0	0
NEB	NM_001164508	182	114	312	17844	1	0.0122	0	0
NEB	NM_001164508	182	115	105	18156	1	0.0041	0	0
NEB	NM_001164508	182	116	105	18261	1	0.0041	0	0
NEB	NM_001164508	182	117	105	18366	1	0.0041	0	0
NEB	NM_001164508	182	118	108	18471	1	0.0042	0	0
NEB	NM_001164508	182	119	114	18579	1	0.0045	0	0
NEB	NM_001164508	182	120	198	18693	1	0.0077	0	0
NEB	NM_001164508	182	121	105	18891	1	0.0041	0	0
NEB	NM_001164508	182	122	105	18996	1	0.0041	0	0
NEB	NM_001164508	182	123	105	19101	1	0.0041	0	0
NEB	NM_001164508	182	124	108	19206	1	0.0042	0	0
NEB	NM_001164508	182	125	114	19314	1	0.0045	0	0
NEB	NM_001164508	182	126	198	19428	1	0.0077	0	0
NEB	NM_001164508	182	127	105	19626	1	0.0041	0	0
NEB	NM_001164508	182	128	105	19731	1	0.0041	0	0
NEB	NM_001164508	182	129	108	19836	1	0.0042	0	0
NEB	NM_001164508	182	130	105	19944	1	0.0041	0	0
NEB	NM_001164508	182	131	108	20049	1	0.0042	0	0
NEB	NM_001164508	182	132	105	20157	1	0.0041	0	0
NEB	NM_001164508	182	133	105	20262	1	0.0041	0	0
NEB	NM_001164508	182	134	99	20367	1	0.0039	0	0
NEB	NM_001164508	182	135	111	20466	1	0.0043	0	0
NEB	NM_001164508	182	136	105	20577	1	0.0041	0	0
NEB	NM_001164508	182	137	105	20682	1	0.0041	0	0
NEB	NM_001164508	182	138	105	20787	1	0.0041	0	0
NEB	NM_001164508	182	139	105	20892	1	0.0041	0	0
NEB	NM_001164508	182	140	105	20997	1	0.0041	0	0
NEB	NM_001164508	182	141	105	21102	1	0.0041	0	0
NEB	NM_001164508	182	142	105	21207	1	0.0041	0	0
NEB	NM_001164508	182	143	105	21312	1	0.0041	0	0
NEB	NM_001164508	182	144	105	21417	1	0.0041	0	0
NEB	NM_001164508	182	145	108	21522	1	0.0042	0	0
NEB	NM_001164508	182	146	105	21630	1	0.0041	0	0
NEB	NM_001164508	182	147	105	21735	1	0.0041	0	0
NEB	NM_001164508	182	148	105	21840	1	0.0041	0	0
NEB	NM_001164508	182	149	105	21945	1	0.0041	0	0
NEB	NM_001164508	182	150	111	22050	1	0.0043	0	0
NEB	NM_001164508	182	151	111	22161	1	0.0043	0	0
NEB	NM_001164508	182	152	102	22272	1	0.004	0	0
NEB	NM_001164508	182	153	105	22374	1	0.0041	0	0
NEB	NM_001164508	182	154	111	22479	1	0.0043	0	0
NEB	NM_001164508	182	155	105	22590	1	0.0041	0	0
NEB	NM_001164508	182	156	105	22695	1	0.0041	0	0
NEB	NM_001164508	182	157	105	22800	1	0.0041	0	0
NEB	NM_001164508	182	158	111	22905	1	0.0043	0	0
NEB	NM_001164508	182	159	111	23016	1	0.0043	0	0
NEB	NM_001164508	182	160	114	23127	1	0.0045	0	0
NEB	NM_001164508	182	161	105	23241	1	0.0041	0	0
NEB	NM_001164508	182	162	105	23346	1	0.0041	0	0
NEB	NM_001164508	182	163	105	23451	1	0.0041	0	0
NEB	NM_001164508	182	164	93	23556	1	0.0036	0	0
NEB	NM_001164508	182	165	93	23649	1	0.0036	0	0
NEB	NM_001164508	182	166	93	23742	1	0.0036	0	0
NEB	NM_001164508	182	167	93	23835	1	0.0036	0	0
NEB	NM_001164508	182	168	93	23928	1	0.0036	0	0
NEB	NM_001164508	182	169	93	24021	1	0.0036	0	0
NEB	NM_001164508	182	170	93	24114	1	0.0036	0	0
NEB	NM_001164508	182	171	93	24207	1	0.0036	0	0
NEB	NM_001164508	182	172	93	24300	1	0.0036	0	0
NEB	NM_001164508	182	173	93	24393	1	0.0036	0	0
NEB	NM_001164508	182	174	93	24486	1	0.0036	0	0
NEB	NM_001164508	182	175	93	24579	1	0.0036	0	0
NEB	NM_001164508	182	176	93	24672	1	0.0036	0	0
NEB	NM_001164508	182	177	108	24765	1	0.0042	0	0
NEB	NM_001164508	182	178	184	24873	0	0.0072	0	0
NEB	NM_001164508	182	179	93	25057	1	0.0036	0	0
NEB	NM_001164508	182	180	147	25150	1	0.0057	0	0
NEB	NM_001164508	182	181	107	25297	0	0.0042	0	1
NEB	NM_001164508	182	182	174	25404	1	0.0068	1	0
OTC	NM_000531	10	1	77	0	0	0.0723	0	0
OTC	NM_000531	10	2	139	77	0	0.1305	0	0
OTC	NM_000531	10	3	82	216	0	0.077	0	0
OTC	NM_000531	10	4	88	298	0	0.0826	0	0
OTC	NM_000531	10	5	154	386	0	0.1446	0	0
OTC	NM_000531	10	6	123	540	1	0.1155	0	0
OTC	NM_000531	10	7	54	663	1	0.0507	0	0
OTC	NM_000531	10	8	150	717	1	0.1408	0	0
OTC	NM_000531	10	9	138	867	1	0.1296	0	1
OTC	NM_000531	10	10	60	1005	1	0.0563	1	0
PAH	NM_000277	13	1	60	0	1	0.0442	0	0
PAH	NM_000277	13	2	108	60	1	0.0795	0	0
PAH	NM_000277	13	3	184	168	0	0.1354	0	0
PAH	NM_000277	13	4	89	352	0	0.0655	0	0
PAH	NM_000277	13	5	68	441	0	0.05	0	0
PAH	NM_000277	13	6	197	509	0	0.145	0	0
PAH	NM_000277	13	7	136	706	0	0.1001	0	0
PAH	NM_000277	13	8	70	842	0	0.0515	0	0
PAH	NM_000277	13	9	57	912	1	0.0419	0	0
PAH	NM_000277	13	10	96	969	1	0.0706	0	0
PAH	NM_000277	13	11	134	1065	0	0.0986	0	0
PAH	NM_000277	13	12	116	1199	0	0.0854	0	1
PAH	NM_000277	13	13	44	1315	0	0.0324	1	0
PALB2	NM_024675	13	1	48	0	1	0.0135	0	0
PALB2	NM_024675	13	2	60	48	1	0.0168	0	0
PALB2	NM_024675	13	3	103	108	0	0.0289	0	0
PALB2	NM_024675	13	4	1473	211	1	0.4136	0	0
PALB2	NM_024675	13	5	830	1684	0	0.2331	0	0
PALB2	NM_024675	13	6	72	2514	1	0.0202	0	0
PALB2	NM_024675	13	7	162	2586	1	0.0455	0	0
PALB2	NM_024675	13	8	86	2748	0	0.0242	0	0
PALB2	NM_024675	13	9	162	2834	1	0.0455	0	0
PALB2	NM_024675	13	10	117	2996	1	0.0329	0	0
PALB2	NM_024675	13	11	88	3113	0	0.0247	0	0
PALB2	NM_024675	13	12	149	3201	0	0.0418	0	1
PALB2	NM_024675	13	13	211	3350	0	0.0593	1	0
PMS2	NM_000535	15	1	23	0	0	0.0089	0	0
PMS2	NM_000535	15	2	140	23	0	0.0541	0	0
PMS2	NM_000535	15	3	87	163	1	0.0336	0	0
PMS2	NM_000535	15	4	103	250	0	0.0398	0	0
PMS2	NM_000535	15	5	184	353	0	0.0711	0	0
PMS2	NM_000535	15	6	168	537	1	0.0649	0	0
PMS2	NM_000535	15	7	98	705	0	0.0379	0	0
PMS2	NM_000535	15	8	100	803	0	0.0386	0	0
PMS2	NM_000535	15	9	85	903	0	0.0328	0	0
PMS2	NM_000535	15	10	156	988	1	0.0603	0	0
PMS2	NM_000535	15	11	862	1144	0	0.3329	0	0
PMS2	NM_000535	15	12	168	2006	1	0.0649	0	0
PMS2	NM_000535	15	13	101	2174	0	0.039	0	0
PMS2	NM_000535	15	14	170	2275	0	0.0657	0	1
PMS2	NM_000535	15	15	144	2445	1	0.0556	1	0
PTEN	NM_000314	9	1	79	0	0	0.0652	0	0
PTEN	NM_000314	9	2	85	79	0	0.0701	0	0
PTEN	NM_000314	9	3	45	164	1	0.0371	0	0
PTEN	NM_000314	9	4	44	209	0	0.0363	0	0
PTEN	NM_000314	9	5	239	253	0	0.1972	0	0
PTEN	NM_000314	9	6	142	492	0	0.1172	0	0
PTEN	NM_000314	9	7	167	634	0	0.1378	0	0
PTEN	NM_000314	9	8	225	801	1	0.1856	0	1
PTEN	NM_000314	9	9	186	1026	1	0.1535	1	0
RAG1	NM_000448	2	2	3132	0	1	1.0	1	0
RAG2	NM_000536	2	2	1584	0	1	1.0	1	0
RPE65	NM_000329	14	1	11	0	0	0.0069	0	0
RPE65	NM_000329	14	2	83	11	0	0.0518	0	0
RPE65	NM_000329	14	3	151	94	0	0.0943	0	0
RPE65	NM_000329	14	4	108	245	1	0.0674	0	0
RPE65	NM_000329	14	5	142	353	0	0.0886	0	0
RPE65	NM_000329	14	6	148	495	0	0.0924	0	0
RPE65	NM_000329	14	7	82	643	0	0.0512	0	0
RPE65	NM_000329	14	8	133	725	0	0.083	0	0
RPE65	NM_000329	14	9	140	858	0	0.0874	0	0
RPE65	NM_000329	14	10	130	998	0	0.0811	0	0
RPE65	NM_000329	14	11	115	1128	0	0.0718	0	0
RPE65	NM_000329	14	12	95	1243	0	0.0593	0	0
RPE65	NM_000329	14	13	112	1338	0	0.0699	0	1
RPE65	NM_000329	14	14	152	1450	0	0.0949	1	0
RPGR	NM_001034853	15	1	28	0	0	0.0081	0	0
RPGR	NM_001034853	15	2	126	28	1	0.0364	0	0
RPGR	NM_001034853	15	3	93	154	1	0.0269	0	0
RPGR	NM_001034853	15	4	63	247	1	0.0182	0	0
RPGR	NM_001034853	15	5	159	310	1	0.046	0	0
RPGR	NM_001034853	15	6	150	469	1	0.0434	0	0
RPGR	NM_001034853	15	7	159	619	1	0.046	0	0
RPGR	NM_001034853	15	8	156	778	1	0.0451	0	0
RPGR	NM_001034853	15	9	125	934	0	0.0361	0	0
RPGR	NM_001034853	15	10	186	1059	1	0.0538	0	0
RPGR	NM_001034853	15	11	169	1245	0	0.0489	0	0
RPGR	NM_001034853	15	12	92	1414	0	0.0266	0	0
RPGR	NM_001034853	15	13	66	1506	1	0.0191	0	0
RPGR	NM_001034853	15	14	181	1572	0	0.0523	0	1
RPGR	NM_001034853	15	15	1706	1753	0	0.4932	1	0
RS1	NM_000330	6	1	52	0	0	0.077	0	0
RS1	NM_000330	6	2	26	52	0	0.0385	0	0
RS1	NM_000330	6	3	106	78	0	0.157	0	0
RS1	NM_000330	6	4	142	184	0	0.2104	0	0
RS1	NM_000330	6	5	196	326	0	0.2904	0	1
RS1	NM_000330	6	6	153	522	1	0.2267	1	0
RUNX1	NM_001754	9	2	58	0	0	0.0402	0	0
RUNX1	NM_001754	9	3	39	58	1	0.027	0	0
RUNX1	NM_001754	9	4	254	97	0	0.176	0	0
RUNX1	NM_001754	9	5	157	351	0	0.1088	0	0
RUNX1	NM_001754	9	6	105	508	1	0.0728	0	0
RUNX1	NM_001754	9	7	192	613	1	0.1331	0	0
RUNX1	NM_001754	9	8	162	805	1	0.1123	0	1
RUNX1	NM_001754	9	9	476	967	0	0.3299	1	0
SCN1B	NM_001037	6	1	40	0	0	0.0609	0	0
SCN1B	NM_001037	6	2	167	40	0	0.2542	0	0
SCN1B	NM_001037	6	3	241	207	0	0.3668	0	0
SCN1B	NM_001037	6	4	142	448	0	0.2161	0	1
SCN1B	NM_001037	6	5	67	590	0	0.102	1	0
SCN2A	NM_001371246	27	2	267	0	1	0.0444	0	0
SCN2A	NM_001371246	27	3	119	267	0	0.0198	0	0
SCN2A	NM_001371246	27	4	90	386	1	0.015	0	0
SCN2A	NM_001371246	27	5	129	476	1	0.0214	0	0
SCN2A	NM_001371246	27	6	92	605	0	0.0153	0	0
SCN2A	NM_001371246	27	7	273	697	1	0.0454	0	0
SCN2A	NM_001371246	27	8	64	970	0	0.0106	0	0
SCN2A	NM_001371246	27	9	142	1034	0	0.0236	0	0
SCN2A	NM_001371246	27	10	207	1176	1	0.0344	0	0
SCN2A	NM_001371246	27	11	288	1383	1	0.0479	0	0
SCN2A	NM_001371246	27	12	345	1671	1	0.0573	0	0
SCN2A	NM_001371246	27	13	133	2016	0	0.0221	0	0
SCN2A	NM_001371246	27	14	239	2149	0	0.0397	0	0
SCN2A	NM_001371246	27	15	174	2388	1	0.0289	0	0
SCN2A	NM_001371246	27	16	357	2562	1	0.0593	0	0
SCN2A	NM_001371246	27	17	480	2919	1	0.0798	0	0
SCN2A	NM_001371246	27	18	121	3399	0	0.0201	0	0
SCN2A	NM_001371246	27	19	155	3520	0	0.0258	0	0
SCN2A	NM_001371246	27	20	174	3675	1	0.0289	0	0
SCN2A	NM_001371246	27	21	123	3849	1	0.0204	0	0
SCN2A	NM_001371246	27	22	282	3972	1	0.0469	0	0
SCN2A	NM_001371246	27	23	54	4254	1	0.009	0	0
SCN2A	NM_001371246	27	24	138	4308	1	0.0229	0	0
SCN2A	NM_001371246	27	25	105	4446	1	0.0174	0	0
SCN2A	NM_001371246	27	26	271	4551	0	0.045	0	1
SCN2A	NM_001371246	27	27	1196	4822	0	0.1987	1	0
SCN3A	NM_006922	28	3	264	0	1	0.044	0	0
SCN3A	NM_006922	28	4	119	264	0	0.0198	0	0
SCN3A	NM_006922	28	5	90	383	1	0.015	0	0
SCN3A	NM_006922	28	6	129	473	1	0.0215	0	0
SCN3A	NM_006922	28	7	92	602	0	0.0153	0	0
SCN3A	NM_006922	28	8	273	694	1	0.0455	0	0
SCN3A	NM_006922	28	9	64	967	0	0.0107	0	0
SCN3A	NM_006922	28	10	142	1031	0	0.0237	0	0
SCN3A	NM_006922	28	11	207	1173	1	0.0345	0	0
SCN3A	NM_006922	28	12	291	1380	1	0.0485	0	0
SCN3A	NM_006922	28	13	348	1671	1	0.058	0	0
SCN3A	NM_006922	28	14	133	2019	0	0.0222	0	0
SCN3A	NM_006922	28	15	239	2152	0	0.0398	0	0
SCN3A	NM_006922	28	16	174	2391	1	0.029	0	0
SCN3A	NM_006922	28	17	357	2565	1	0.0595	0	0
SCN3A	NM_006922	28	18	471	2922	1	0.0785	0	0
SCN3A	NM_006922	28	19	121	3393	0	0.0202	0	0
SCN3A	NM_006922	28	20	155	3514	0	0.0258	0	0
SCN3A	NM_006922	28	21	174	3669	1	0.029	0	0
SCN3A	NM_006922	28	22	123	3843	1	0.0205	0	0
SCN3A	NM_006922	28	23	273	3966	1	0.0455	0	0
SCN3A	NM_006922	28	24	54	4239	1	0.009	0	0
SCN3A	NM_006922	28	25	138	4293	1	0.023	0	0
SCN3A	NM_006922	28	26	105	4431	1	0.0175	0	0
SCN3A	NM_006922	28	27	271	4536	0	0.0451	0	1
SCN3A	NM_006922	28	28	1196	4807	0	0.1992	1	0
SCN8A	NM_014191	27	2	276	0	1	0.0464	0	0
SCN8A	NM_014191	27	3	119	276	0	0.02	0	0
SCN8A	NM_014191	27	4	90	395	1	0.0151	0	0
SCN8A	NM_014191	27	5	129	485	1	0.0217	0	0
SCN8A	NM_014191	27	6	92	614	0	0.0155	0	0
SCN8A	NM_014191	27	7	222	706	1	0.0374	0	0
SCN8A	NM_014191	27	8	64	928	0	0.0108	0	0
SCN8A	NM_014191	27	9	142	992	0	0.0239	0	0
SCN8A	NM_014191	27	10	207	1134	1	0.0348	0	0
SCN8A	NM_014191	27	11	294	1341	1	0.0495	0	0
SCN8A	NM_014191	27	12	363	1635	1	0.0611	0	0
SCN8A	NM_014191	27	13	133	1998	0	0.0224	0	0
SCN8A	NM_014191	27	14	239	2131	0	0.0402	0	0
SCN8A	NM_014191	27	15	174	2370	1	0.0293	0	0
SCN8A	NM_014191	27	16	357	2544	1	0.0601	0	0
SCN8A	NM_014191	27	17	471	2901	1	0.0793	0	0
SCN8A	NM_014191	27	18	118	3372	0	0.0199	0	0
SCN8A	NM_014191	27	19	155	3490	0	0.0261	0	0
SCN8A	NM_014191	27	20	174	3645	1	0.0293	0	0
SCN8A	NM_014191	27	21	123	3819	1	0.0207	0	0
SCN8A	NM_014191	27	22	285	3942	1	0.048	0	0
SCN8A	NM_014191	27	23	54	4227	1	0.0091	0	0
SCN8A	NM_014191	27	24	138	4281	1	0.0232	0	0
SCN8A	NM_014191	27	25	105	4419	1	0.0177	0	0
SCN8A	NM_014191	27	26	271	4524	0	0.0456	0	1
SCN8A	NM_014191	27	27	1148	4795	0	0.1932	1	0
SLC9A6	NM_001379110	18	2	169	0	0	0.0828	0	0
SLC9A6	NM_001379110	18	3	200	169	0	0.098	0	0
SLC9A6	NM_001379110	18	4	78	369	1	0.0382	0	0
SLC9A6	NM_001379110	18	5	77	447	0	0.0377	0	0
SLC9A6	NM_001379110	18	6	113	524	0	0.0554	0	0
SLC9A6	NM_001379110	18	7	106	637	0	0.052	0	0
SLC9A6	NM_001379110	18	8	142	743	0	0.0696	0	0
SLC9A6	NM_001379110	18	9	106	885	0	0.052	0	0
SLC9A6	NM_001379110	18	10	89	991	0	0.0436	0	0
SLC9A6	NM_001379110	18	11	114	1080	1	0.0559	0	0
SLC9A6	NM_001379110	18	12	112	1194	0	0.0549	0	0
SLC9A6	NM_001379110	18	13	154	1306	0	0.0755	0	0
SLC9A6	NM_001379110	18	14	90	1460	1	0.0441	0	0
SLC9A6	NM_001379110	18	15	31	1550	0	0.0152	0	0
SLC9A6	NM_001379110	18	16	80	1581	0	0.0392	0	0
SLC9A6	NM_001379110	18	17	106	1661	0	0.052	0	1
SLC9A6	NM_001379110	18	18	273	1767	1	0.1338	1	0
TCF4	NM_001083962	20	2	72	0	1	0.0357	0	0
TCF4	NM_001083962	20	3	73	72	0	0.0362	0	0
TCF4	NM_001083962	20	4	62	145	0	0.0308	0	0
TCF4	NM_001083962	20	5	97	207	0	0.0481	0	0
TCF4	NM_001083962	20	6	65	304	0	0.0322	0	0
TCF4	NM_001083962	20	7	130	369	0	0.0645	0	0
TCF4	NM_001083962	20	8	50	499	0	0.0248	0	0
TCF4	NM_001083962	20	9	106	549	0	0.0526	0	0
TCF4	NM_001083962	20	10	134	655	0	0.0665	0	0
TCF4	NM_001083962	20	11	133	789	0	0.066	0	0
TCF4	NM_001083962	20	12	68	922	0	0.0337	0	0
TCF4	NM_001083962	20	13	79	990	0	0.0392	0	0
TCF4	NM_001083962	20	14	77	1069	0	0.0382	0	0
TCF4	NM_001083962	20	15	204	1146	1	0.1012	0	0
TCF4	NM_001083962	20	16	136	1350	0	0.0675	0	0
TCF4	NM_001083962	20	17	163	1486	0	0.0809	0	0
TCF4	NM_001083962	20	18	230	1649	0	0.1141	0	1
TCF4	NM_001083962	20	19	137	1879	0	0.068	1	0
TP53	NM_000546	11	2	74	0	0	0.0626	0	0
TP53	NM_000546	11	3	22	74	0	0.0186	0	0
TP53	NM_000546	11	4	279	96	1	0.236	0	0
TP53	NM_000546	11	5	184	375	0	0.1557	0	0
TP53	NM_000546	11	6	113	559	0	0.0956	0	0
TP53	NM_000546	11	7	110	672	0	0.0931	0	0
TP53	NM_000546	11	8	137	782	0	0.1159	0	0
TP53	NM_000546	11	9	74	919	0	0.0626	0	0
TP53	NM_000546	11	10	107	993	0	0.0905	0	1
TP53	NM_000546	11	11	82	1100	0	0.0694	1	0
UBE3A	NM_130839	13	3	20	0	0	0.0076	0	0
UBE3A	NM_130839	13	4	42	20	1	0.016	0	0
UBE3A	NM_130839	13	5	299	62	0	0.1142	0	0
UBE3A	NM_130839	13	6	1247	361	0	0.4761	0	0
UBE3A	NM_130839	13	7	145	1608	0	0.0554	0	0
UBE3A	NM_130839	13	8	206	1753	0	0.0787	0	0
UBE3A	NM_130839	13	9	165	1959	1	0.063	0	0
UBE3A	NM_130839	13	10	156	2124	1	0.0596	0	0
UBE3A	NM_130839	13	11	74	2280	0	0.0283	0	0
UBE3A	NM_130839	13	12	144	2354	1	0.055	0	1
UBE3A	NM_130839	13	13	121	2498	0	0.0462	1	0
VHL	NM_000551	3	1	340	0	0	0.5296	0	0
VHL	NM_000551	3	2	123	340	1	0.1916	0	1
VHL	NM_000551	3	3	179	463	0	0.2788	1	0
